Emotion,Sentence
1,언제나 함께 성장하고 함께 행복한 사랑이기를 나를 위한 선물 마음의 결구며 링크는 프로필 상단에 있어요
1,애초에 변할 가능성이 희박한 사람에게는 그 어떤 희망도 보이지 않는다 당신이 참아주고 기다려도 변하지 않는 사람은 변하지 않는다
1,크리스마스 연휴에 집에 콕 생활에 지친 딸들과 집 근처 호수공원 나들이 발목 줄넘기로 몸 풀고 시원한 강바람은 덤
1,한 살 더 먹기 전에
1,일요일 아점 이제 한 끼 먹었는데 벌써 지침 어묵 꼬치로 든든하게 먹긴 했는데 또 금세 공복 상태가 되겠지
1,매일 똑같은 일상 지친다 밖에 나가서 술도 마시고 싶고 놀고 싶다
1,눈을 뜨시오 그만 자시오 일어나서 움직여 무브무브
1,요즘에 생각이 많아진다 뭔가 다른 사람들하고 달라진 거 같다 그냥 평범해지고 싶다 보통 사람들처럼 방법이 뭘까
1,하루종일집에있다저녁마실올해클슈마슈는이렇게지나갔네
1,자기 전 립밤 듬뿍
1,오늘넘나지쳤던그래도낼낼모래이틀슈는거로위안을개인용도저장및개인프사사용가능리그램시사이즈그대로출처자르지마세요차가공및차합성은하지마세요색상및스토리변형해서올리지마세요제그림이용해서홍보활동하지마세요저작권침해경우법적조치
1,강아지보다 사람이 더 힘든 놀이 언니가 놀아주다 지쳐서 아빠가 놀아주는 중 힘들지만 너무 재밌게 놀아서 기분이 좋네
1,늦은 업데이트 범아 날씨 요정이니 네가 떠나네 제주도는 화창하다네 이놈 또 시작된 혼자 여행 다이빙이나 특훈 해야지 이제 혼자 숙소 잡고 푹 쉬자 피곤하다
1,정말 이불 밖은 위험해
1,사랑하면다포기하는거풉잠좀푹자고싶은밤
1,내가 차린 크리스마스 음식 알맞게 구운 스테이크에 매콤한 스튜가 찰떡궁합 어제 힘들어서 오늘 저녁은 배달음식
1,크리스마스 출근하는 여자 납치 수준 책은 안돼 오늘 바빠
1,크리스마스만찬육퇴후한잔재우기넘힘들다분을울고실랑이하고낮잠도안잤는데자기싫단다잘때마다떼쓰고울고날너무힘들게함화내고소리치고재우고나면후회에휴세아땜에윤아도못자고술이술술들어간다요즘와인에빠짐와인두병깜역시끝은치킨내새끼들잘자엄마는술좀먹을게
1,너무 고요해서 적막했던 연말 크리스마스 같지 않은 크리스마스 지겹고 징그러운 코로나 내년엔 모두 다조 아지기를
1,홈 파티 일차 도미노 페퍼로니 찹스테이크 카르보나라와 인
1,영업금지 주말에 불 켜보네 썰렁하네 영업금지 참 답답하네 시까지라도 운영할 수 있게 해주지
1,오늘은 내가 요리사 크리스마스 저녁 편집에서 감바스 스테이크 만들기 주방이 엉망진창 그래도 맛은 있네
1,코로나로 아무 데도 못 가고 대신 가족과 함께 동네 산으로 가볍게 산책했어요 눈에 띄는 비석이 있길래 가까이 가봤더니 천부경이네요 우리 천손민족의 경전 그런데 천부경보다 더 차원 높은 경전이 있다는 걸 허경영 총재님 강의 듣다가 알게 됐어요 궁금하시죠 허경영 강의 들어보심 궁금증 풀려요
1,크리스마스 기분이라도 새벽부터 산타 할아버지 선물에 세상 시끌시끌한 아들 기분이라도 내보자 어차피 집에 콕
1,산타 할부 시는 내게 크리스마스 선물로 상쾌한 새벽 공기와 함께 돌발 출근을 주셨다
1,오늘 나의 크리스마스 선물 아무도 없는 헬스장에서 황제 운동했다아 무 생각 없이 새벽에 알바를 하고 시에 딱 맞춰서 운동을 갔는데 사람들이 아무도 안 왔다 계속 그제서야 오늘이 진짜 크리스마스가 맞긴 하구나 싶었음 그래도 덕분에 정말 편하게 운동하고 왔다 그리고 체중도 플랫 찍음 이만하면 괜찮은 크리스마스 맞네
1,걑이야경볼사람코로나야끝나라가족들친척들친구들놀러오게실시간사진들
1,이번 연도 크리스마스도 혼자네
1,퇴근 코로나 여파 땜에 빡센 한주였다 교도관 되고 제일 힘들 날을 이번 주 보낸 듯 크리스마스 기분은 하나도 안 나고 음성이라 다행이란 생각만
1,이번육명만남돌아다니는거와술집보단펜션에서우리끼리만놀자해서예약했다아침에일어나서잠깐바다만보러왕복시간달렸다진짜바다만봤다딱분날짜잡았을때만해도코로나괜찮았는데잡고나서아주빵빵터져서무서웠지만진짜마스크랑소독제만믿고갔다코로나검사받을생각으로갔다왔지만다들아무이상없이지나가서너무다행이다선발대로간삼명이들장보고꾸미느라고생했고후발대일끝나고가느라고생했고운전하느라힘들었던김삼명고생했고차에만있고마스크쓰느라육명이들너무고생했어하지만고생안에힐링과즐거움이다있어행복했다우리올한해는너무힘든게너무많았다행복보단최악이더심했던거같아년엔행복한우리가되자모두들생일축하했고하고년엔최악보단행복이더많길
1,틀
1,행복했으면
1,핵지침오늘할머니제사하고말안들어서아빠가혼냈더니아빠가싫다해서집에오는길채하를무시했더니집에와서니가엄마아빠싫다하면우리도속상해서너싫어엉엉울면서그럼나는이제가족없어요웃음꾹참으면서니가엄마아빠싫다며미안해요채하가족해주세요진짜언제이렇게컷나싶고눈치빤하고한데도니말한마디에웃음피식근데오늘호호둘다비협조지쳤다
1,오랜만에본댕댕이녀석들깡두쭈미왜우리집에안와아주여시방구녀석들도윤이한테인자밀려서찬밥신세크크크우리집에와할머니가예뻐해줄꺼야
1,이거뭐시라고잘안되네딥빡
1,진작부터 가정 보육하신 분들 정말 존경합니다 나는 정말 못 해먹겠다 아아 아 개월 들어서면서 빌 똥이는 왜 때문에 태동을 요동치며 하는지 밑은 왜 이렇게 아픈지 아나의 한계 정말 육아랑도 안 맞는 나 새끼지 겹서
1,진짜 안 친했는데 코로 나 땜에 친해진 사이 친구들도 못 만나고 집에서만 있으니 서로 의지하고 없으면 찾는 그런 사이 눈떠있는 순간부터 자기 전까지 시간 빼고 다 싸우는 시간아 얼굴 가려주면서 넘어지지 않기 놀이 결국 둘 다 넘어졌다는
1,늘 오실 때마다 전해주시는 번 고객님 그 마음 너무 커서 늘 감동받고 위로받고 감사한 마음 가득입니다 명절 준비처럼 보냈던 하루 아이들과 햄버거 파티에 엄청 큰딸기도 맛나게 냠냠 잘 먹었습니다
1,집에서 반짝이 풀 가지고 노는 거 아니라고 왜 아무도 안 알려줌
1,같이 돈길 걸을 파트너 모집합니다 회사의 주주가 될 수 있는 기회 눈 딱 감고 들어오시면 신세계 경험할 수 있어요 문의하세요 인생역전할 수 있습니다 선착순 분만 문의 받을게요
1,루리일 분도 안 자고 깼어요 어제는 시간 낮잠 자고 시판에 잤어요 좀 짜증 나는 스타일 너 산타 할아버지가 선물 안주실 거야
1,핫케이크 먹고프단 아들 주문에 수플레 팬케이크도 도전 역시나 도전은 쉽지 않네 수플레 폭만 담엔 성공해 보자
1,크리스마스 선물로 할아버지 할머니가 선물 사주셨는데 이것도 중독인 건가 아침 시에 일어나서는 코딩 좀 만할까지 유야 어제 시 넘어서 잤잖아에 구 오늘 아침은 일찍부터 시작 그 대신 오늘은 낮잠 잘 수 있겠다
1,꼬질꼬질미안하다내새끼주째얼집안가는소율한시도눈을땔수없는채율엄마가정신이없다아빠오면목욕좀하쟈미용도해야되는데나갈수가없네젠장
1,참 따뜻했던 공간
1,갑자기 모든 게 다 답답해서 마트 나왔다가 옆길로 샜어요 차 안에서 금방 잠든 둘째 커피 한 잔 사서 혼자 찬바람 쐬고 있어 요 옆에서 체리 사라고 방송만 안 하면 더 좋겠지만 그래도 갑자기 이게 어디예요 집에 들어가기 싫다
1,인이상집합금지가서울경기인천에서적용된댔는데오늘속보떴단다전국으로확대이번주에시댁에일이있어서갈랬는데역시나난집콕해야하는운명인가부다기사댓글에는시덥잖은우스갯소리도있었다지우리는인가족인데요우리세식구어디가서좀쉬고와야하나아니면지지고볶고주말내내꼼짝말아야하나코로나징글징글하다진짜루서하몬테소리도미술도모두중단했는데서하는맨날수아지아아현이언니오빠이모탐톤외치는데
1,둥이 일상 오늘 지나가다 내 눈에 들어오는 글귀 오랜만에 맘에 든다
1,아 장기 렌트를 해야 되나 진짜
1,불쌍하다고도 생각 말랬다 벌받는 그들이니까
1,지금도 이런 상황이 사랑이에게 미안한데 일하는 엄마는 얼마나 아기에게 미안할까
1,오늘도감튀먹으려고
1,그냥 분홍소시지가 끌려서
1,지쳐 쏘아 흉
1,하루에도 몇 번씩 좋았다 우울했다 참 요즘처럼 많은 감정이 오가는 날이 없던 것 같네요 그저 멍 때리는 시간도 사랑하는 사람들과 함께 분주하게 보내는 시간도 내가 하고 싶은 대로 맘껏 할 수 있는 날이 오기를 바라봅니다
1,동지 적두 죽적 설탕 꿀맛
1,징챠최고야
1,아 진짜 일하기 지쳐요 왜 끝이 없는 거냐고
1,폴타고싶다사회적거리두기지친다지쳐여행가고싶다놀고싶다집순이진짜아닌데으어어어어
1,어제저녁이에요 어제는 간단하게 양념갈비 구워 먹었어요 구매 후기도 좋고 가격 도착해서 냉동실에 쟁여놓으려고 많이 샀어요 먹어보니 맛있어요 술안주로도 좋고 밥반찬으로도 굿 어제는 일요일이라 간단히 먹었어 요인님들 행복한 한 준 시작하세요
1,참 답답하다 점점 더 금이 가고 벌어진다 무슨 조치를 취해줄 것인지 어떻게 해결해줄 수 있는지
1,만약에 내가 이랬었더라면 이는 생각을 그만하고 싶네요 이미 과거는 지나갔으니까요
1,엄마 우울증 옴 엄마는 아침부터 짜증 폭발 아빠가 눈치껏 밖으로 나가자 한 개도 딸도 신남 코로나가 뭐길래 집에 가기 싫다고 울고불고
1,보타 싶
1,언제인가 감도 따고 사진도 찍고 얼마 전인데 지금은 너무나 그리운 주말의 일상이다 겨울은 깊어가는 데코 시국은 더 심해진다
1,퇴에에에그으으은추워어어어어어
1,오늘 간척
1,오늘 저녁 메뉴는 갈치조림 다른 거 하기 싫다 이거 하나에 이따 일찍 저녁 묵자 국물 떠먹으려고 자작하게 안 끓임 칼칼하니 맛있네
1,종일 노트북 폰만 붙들고 있어서 하루 계획표 짜오라 함은 이 정도면
1,멋진 곳 지금은 갈 수 없는
1,갖
1,힘들다
1,미리 크리스마스 올해는 조용하게 모두가 바라는 대로 평범한 일상이 돌아오길
1,망할 놈의 코로나 때문에 어디 나가지도 못하고 집에서 배달시킨 회와 소주로 답답함을 달래본다
1,코로나 덕에 이 시간 샤워를 하는 아들 새벽 시는 기본 일어나는 건 수업할 땐 시분 주말은 낮 시상이 이게 뭐냐고 거기에 나란 어미도 함께하고 있다는 현실
1,탄고마해라
1,날마다 개판 치고자는 똥개 언제 내 말 좀 들어볼래
1,요번 주는 힘들어 쏘
1,큰 교훈을 남겨준 너에게 고맙다는 인사 대신 인생 똑바로 살라고 말하는 내 잘못이 더 큰 거겠지 너에겐
1,연말 즐기고 싶다
1,떡볶이 떡 나눠주러 엄마네 옴
1,아버님 욕심 지나치시네 갑자기 대형을 왜 바꿔 춤 좀 외워서 옷 갖춰 입고 다시 한번
1,장수탕선녀님마인드맵하루종일감정싸움에지치고뚜껑이열리고분노에폭발하고이게뭐라고너에게화를내는것인지니가옆에있어주는것만으로도행복한건데공부가뭐라고미안해하지만내일도다시그대로겠지내가바보구나하나라도재미있는방법찾아보다마인드맵으로방법바꾸어보기오늘은처음이지만앞으로즐겁게해보자
1,집 보러 번째 가는 중 제발 오늘은 계약 좀 하자
1,사랑하는가족들오손도손양념허리뿌라지것다소주한잔캬비비고김치가더마시써
1,이 정도 확진이면 단 계해야 하는 거 아닌가
1,다음에눈오면꼭나가자고약속했는데오늘도망대신귀요미사탕줄께
1,딸기 버블티가 맛있는 예 비니 오늘도 열육아 진행 중 끝날 것 같지 않은 코로나 사태 모든 국민이 힘들어지는 지은 년 한 해가 그냥 없어진 기부한 해 동안 반 이상을 독박 육아하며 보낸 듯
1,는
1,이번 주내도록 과제 또 과제 아기 엄마의 삶과 또 다른 일터의 삶 그리고 대학원생의 삶이란 과제의 늪 해도 해도 끝나지 않는 오늘도 새벽까지 컴퓨터 앞을 떠나지 못하겠지 혹시나 아기 깰까 봐 홈 카메라 켜놓고 과제하는 삶이라니
1,어느덧 일 연일 코로나가 한창인데 석양이 너무 이쁘네 코로나 언제 끝나려나
1,어머니가 자식에게 사랑을 재면서 주지 않습니다 사랑은 이유가 있어야 주는 게 아니라 뭔가를 바라고 주는 게 아니라 이유 없이 주는 게 바로 사랑입니다 내가 주는 사랑이 준 만큼 받게 될 거라는 기대를 갖지 말아야 합니다 기대를 갖는 순간 그것은 사랑도 아니며 거래가 됩니다
1,볼일보러잠시나갔다가쩝이좀놀게해주려고놀이터행집콕만했더니이렇게추운줄모르고가볍게입은옷에놀이터도착하자마자다시차안으로줄행랑약간정리되지않은모습이트레이드마크가된교히어로빙의하면못할게없는쩝따로또같이대라좋은점
1,엄마표 물감 색칠놀이 피곤하네
1,수술할 때나 꼽는다는 왕 바늘 왼손 오른손 아주 바늘구멍이 수액 맞고 물 마시니 계속 화장실행 젊다고 건강한 거 다 옛말 아프지 마세요
1,내 사랑해 시리 고객님 항상 고마운 사람 커트머리가 찰떡
1,돌아가는 길 오늘로 마지막 실기 지친다
1,가정보육일차안그래도애들컨디션이안좋아서이번주는가정보육해야겠다싶었는데창녕전체휴원화요일부터시작된가정보육그리고어제오늘확진자명좁디좁은창녕에서이틀사이확진자명오늘은가정보육일차첫째밥챙겨먹이랴둘째이유식세끼먹이랴애들콧물닦아주랴하루번노시부로콧물츕츕애들약챙겨먹이랴집에서만있는데왤케바쁘지자상한우리남푠퇴근하면서항상장봐와서그걸로연명중다현이친구야들한테크리스마스선물로하리보비누만들어서주려고스티커며케이스다사놨는데이게모야얼른끝났음좋겠드아
1,침독으루못난이된울지후아쿠아퍼배송기다리는중언제다시통잠자줄꺼야엄마두자고싶
1,크리스마스가 맞긴 해
1,점심시간 끝이 지에 미술시간 뭘 해도 해도 시간이 참 안 가 네 연말까지 뭘 하며 지내야 하는 건지 끝도 보이지 않는 코로나 지친다 정말
1,어제태윤이를재우다가거의잠든태윤이가갑자기엄마식당에못가니까꿈나라에서식당에가요꿈에서는내가엄마할께요그래서메뉴는내가고를거에요라고얘기하고자는데왜이렇게짠하고미안하던지아직도어리지만태윤이가더어렸을적식당에가고싶을때가고비행기타고여행도다니고밖에맘껏나가돌아다녔던일들이나중에어렴풋하게만남을까봐정말걱정인요즘이다우울한마음달래기위해자는윤돌이옆에서뱅기타고놀러다니던사진들찾아보면서센치한윤돌맘
1,분명 작년에는
1,우리 집
1,뭐가 날 잠 못 자게 하지 일할 때 자꾸 몸에서 열나고 오늘은 수면제 하나 먹고 잠드는 밤이 되었다 내 몸이 이상한가 보다
1,채린 채 아자 매 새집에만 있는 요새 죽을 거 같다 답답해 뭘 해도 하루가 너무 길다 거품 목욕 집 꾸미기 등 새로운 놀이를 해도 갖고 노는 시간은 너무나 짧다 아빠 버리고 영월 갈까
1,우리수호생애첫파마생각보다넘잘했고잘나왔당파마하니왜더커보이는지수호는파마난뿌염하려다밝은색으로덮어버리기더밝게하고싶은데탈색은정말자신없코로나가진정되면펌하러가야지
1,너와 놀다 지쳐
1,친구가 찍어준 뒤 태 고맙다 친구야
1,마지막까지 최악의 년 많이 힘들고 많이 지친다 정신 차리자 하늘이 무너져도 솟아날 구멍은 있다잖아 나도 솟아날 곳이 있겠지
1,설치한 지 하루 만에 다리 부러져 사망 직전이신 온갖 것에 기대 계시는
1,몇 년째 우려먹는 트리
1,일째
1,집에 콕 놀이 크리스마스카드 만들기
1,오늘은종이컵놀이오늘종이컵으로원없이놀아라집콕놀이아이템이부족하다
1,그냥 재택 하는 게 나을 텐데 고집 한번 세게 부리네
1,오빠는 코로 나 땜에 고생 중 잘 먹어야 힘을 내지
1,인간관계라는 게 참 어렵다 내 곁에 사람이 생기면 누군가 또 사라지니 내가 무엇을 해야 할지 내가 잘못된 건지 너무 어렵다
1,퇴근 후 과메기에 혼술 맛있다 빨리인 사이 등 시즌이 왔으면 좋겠다
1,오늘은 따라 왜 이렇게 다 지치고 불안한지 멀리 봐야 하는데 지금 당장 지칠 땐 다들 어떻게 회복하시나 요술로 푸는 것도 이제 몸이 안 받아주네요 오늘 왜 케 여러 가지의 생각이 드는지 자기최면을 걸어봐도 안되고 할 수 있다고 생각해도 잘 안되네요
1,요즘 또 내 마음과는 다르게도 의도치 않게도 하기 싫지만 해야 되는 일들이 너무 많이 생기는 거 같다 지금은 어느 정도 감당은 하지만 어떻게 될 지시한 폭탄
1,아이들에게도 선생님에게도 너무 지치는 비대면 수업 빈 교실에서 혼자 모니터에 대고 계속 말하다 보면 순간 내가 정신 나간 사람 같다는 생각이 든다
1,실시간 우리끼리 랜선 데이 투 이래놓고 사실 넷 풀 안 보고 노래 부르는 거 보는 중이지 같이 영화 보기 실패 취기를 빌려랑 리틀스타 부르는 거 듣기만 해도 너무 설렌다 미쳤다
1,이번 가정 보육은 유난히 더 시간이 안 간다 아직도 화요일이라는 회사 다닐 때 맨날 하던 생각이 오랜만에 드는 하루
1,하루 종일 분주하고 에너지 소비가 많았어요 어린이는 오늘 온라인 수업도 잘했어요 너무 피곤해요 배달음식은 안 시키는데 이번에 두 번째 주문해봤어요 세상 편하네요
1,삼시 세끼 차려대는 중 아침 있는 잡채로 대충 점심 백종원 오므라이스 저녁 오리고 기
1,생각만큼 쉽지 않은 요즘 이것 또한 추억이 될 테니 버텨야지
1,흉하고 사라져 버렸으면 좋겠다
1,신나는 미술시간 낮잠 시간 반자서 뭐 하고 놀아줘야 하나 깊은 고민에 빠졌었는데 다행히 미술 매트 배달 이내 새긴 이 거함이 하비의 크리스마스 선물이야
1,난 매일 나루터 같은 아이들을 키우며 전쟁을 벌이는 중 결국 어젯밤 감기가 왔네 지금 코 막히고 목 아프다 이 녀석들 정말 힘든데 코로나는 언제 지나갈까 나도 쉬고 싶은데
1,배불러 죽을 뻔
1,지씨네 마지막 과제 한 달 동안 개고생 지친 다이제 일지 쓰러 가자
1,딸 꺼 미리 빨래하는 중이 거 왜 이리 힘들지 주말부터 집 정리하느라 지치고 피로하다 부위별로 빨래해야 해서 손이 많이 가는 중 건조한 후 향균 지퍼백에 넣어야 한 거실은 음식 냄새 밸까 봐 방에서 의류 건조 틀어놓고 말리는 중 힘들구나 하
1,함박눈도 내리고 춘천 가는 김영하의 날씨 춥다 내일도 한파를 뚫고 새벽에 출근 아이번 실험이 마지막이길 정말 지겹다
1,낮잠을 안 재운 건 내가 아니라니가 안 잤잖아 하 하루 종일 짜증 내길래 새로운 촉감놀이를 한 손엔 과자 한 손엔 면 너 저녁 안 먹어도 되겠다 배부르겠어 아 주
1,시간에 쫓기지 말고 돈에 허덕이지 말고 집에서 편하게 내가 일하고 싶을 때 일하자
1,일주일 내내 집 밖에 한 번 못 나오고 독박 육아 눈 내린 일요일 드라이브 삼아 스키장 노랑 곰은 스키장에 서있는 내내 울고 안아달라 떼쓰다가 돌아오는 길 어느 주차장에서 썰매 쪼금 타고 왔다는 슬픈 이야기
1,지친다크림검수보류가무슨지금까지건중개솔드아웃힘내줘신발팔기힘들다
1,사는 게 이렇게 재미없을 수가 있나 아이들은 커가는데 눈이 오면 뭐 하니 크리스마스는 무엇이고 날짜는 가고 시간은 멈출 생각도 없고 이 와중에 또 나이만 먹네
1,마 있다 배고프다 근데 식도 식도가 아파서 못 먹어 아파아파 힘들어 너무 얼른 서울 가자 피검사 결과 나왔다
1,오늘의 점심
1,선택적 사람들을 감염시키고 대중교통은 절대로 안 탐 거의 대중교통에서 감염은 안됨 탄력 근무도 하는 듯 시에는 다들 집 가서 자야지 거의 인간 수준인데
1,아주 인위적인 얼굴 돌아갈 수 있을까
1,말이 아닌 실력 결과를 보여줘야 하는 세상 지친다 지쳐 시험 스트레스 오지게 받고 다시 공부하러 갑니다
1,제이어스 하늘 위에 주님밖에 고등부 지원 가면서 오랜만에 쳐봤음 제이어스는 역시 잘 함
1,첫눈 눈이 많이 쌓이지도 않고 녹았네 너무 추워서 금방 다시 들어옴
1,요즘 내 욕하는 사람 누구니
1,첫눈 사람도 없는 동명 거리 밤샘근무 중 주간 정상영업을 못하다니 오늘 확진자 명실화냐 답답할 따름 더 리베 새벽 시부 터 저녁 시까지는 영업 중
1,작년 이맘때만 해도 마스크 안 쓰고 잘 돌아다녔는데 엄마와 손녀의 삐네
1,코로나 때문에 고민 좀 했지만 잘 다녀왔다 방에서 죽치고 있기 몇 년 만에 여행이니 다음엔 애들 없이 가보자 가고 싶다
1,그래서 코로나 언제 사라지는 건데 진짜 지친다 지쳐 다들 제발 좀
1,결혼식 사회 축하해 행복해라
1,혼자서 뚝딱뚝딱 조금만 더 참아보자 곧 좋은 봄날이 올 거야
1,요즘너무맘에와닿는노래벤혼술하고싶은밤나도모르겠는요즘내마음정말노래가사처럼지쳤을때소리내서울어도보고도망치듯떠나도보고그래보고싶다
1,매번 자연을 찾기 힘든 바쁜 현대인 대자연의 편백숲을 만날 수 있습니다 오리지널 편백나무 증류액
1,끝판왕 집 순이로 살아야지 내가 하고 싶었던 일이었으니까
1,묵 하면서
1,아 겁나 힘드네 그래도 파이팅 해보자
1,공룡메카드운동화를만들고싶었는데사이즈가없어서하얀티셔츠에오늘하루를불살렀다고집불통원률이비위맞춰가며물감폭탄두맞아보구겨우겨우뒷판완성치우기정말힘들다이모물감협찬감사해용
1,코로 나 땜에 나가지도 못하고 집에서 계속 짜증만 부려서 아빠 마중 가자하고 나왔는데 차 타자마자 딥 슬립
1,심심 뭐 해 다들 코로나 언제 없어지나 지루한 금요일
1,요즘 딸은 하이체어에서 내려오질 않는다요 근래 그 덕분에 며칠은 혼자 스스로 밥 먹고 있고 두 찌는 이렇게 밑에 보행기에서 이유식 먹이는 중 둘이 동시 밥 먹이기 너무 힘들었는데 아주 조금 나은 듯
1,토 일 이틀간 샤먼에서 열리는 전국 예선전을 위해 오늘 샤먼으로 떠나는 곰탱이 그래서 어제저녁엔 곰탱이가 집에 옴 주말인지 평일인지 산더미 같은 빨래를 미친 듯 돌리고 습도와의 싸움이 시작되었다 제습기를 무려 이틀간 풀가동시켰건만 집안 습도는 여전히 가 넘고 아침부터 짐 다시 싸느라 드라이 기대까지 동원에 구야 힘들다 기숙사 캐리어 하나 샤먼 가져갈 캐리어 하나 책가방 노트북 또 다른 백팩 크로스백까지 좀 전에 곰탱이랑 아파서 집에 온 중이랑 둘 다 다시 학교로 보냈는데 내일 옹이가 주말이라 다시 집에 오네 또 빨래해야 하는 거야
1,문득 내년엔 괜찮을까
1,매일 내 새끼 세 끼 차리는 게 고민이다 이번에는 가락국수도 아니고 잔치국수도 아 닌 국수 요리 가쓰오부시 육수에 쌀국수 간장 양념 소고기 야채볶음 올리고 건져 먹기 좋게 쌀의 묵 밀가루 알레르기가 있어 신경 쓰이는데 그래도 주는 건 잘 먹는 정은 유존 있음
1,어차피 이상 뛸 힘도 없어난 지쳐버렸어
1,아기는힘들어요아빠제발가요오늘도귀염터진유준씨남편이에마음이뺏겨집에갈생각을안함준이랑나는완전지침사이즈테이프떼서바닥에붙이고놀다가점원님한테들킨뒤소심해서스티커놀이못하고눈치만
1,싱숭생숭요즘힘든데뭐가힘든지모르겠네오늘은창문에시트지붙이기완성을목표로지금사는곳은스세권스타필드에트세권트레이더스앞으로어떻게어디서살게될지모르니사는동안감사하며살아야지저녁내내기분이별로였다항상학습지선생님이내팔자가좋아보인다고했다그런데오늘학습지선생님가여군이젤편해보인다고했다이말들을듣고이모뻘되는분들이라그동안불쾌했던것들을참으며네네했던내가참불쌍해보였다정말내팔자가좋아보이고내가편해보이는것일지라도난요즘매일이스트레스인데
1,목요일쯤되니메뉴도떠오르지않아고민고민중어제동친에게서김장김치를받으니묵은지처리가떠올라김치부침개로결정김치부침개랑님단감참나물샐러드를함께내주기로참나물은있는데감은쪼매뿐해서사과로대체사과랑도잘어울리는듯부침개가느끼할때쯤샐러드한입이렇게목욜저녁도잘해결낼은뭘로마무리를할끄나
1,뛰어다니다가 부딪혀서 다쳤음
1,좋은 거 먹고 힘내나도 힘내 모두 힘내 버티자
1,배달하고 물건 내리고 창고 정리하고 몸이 두 개면 좋겠 다리 너무 지친 다리 저 게다 얼마치냐 오늘은 뭐 먹지
1,오늘 하루도 안전하게 보내길 바라며
1,두산아 엄마 술 먹었다
1,요즘 엔간히 지치고 힘드네 힘들다
1,에듀테이블잡고서는데왜테이블이계속들리냐들썩들썩제발엄마좀그만잡고늘어져라너무힘들다옷무게빼고키로라니너무한거아니니너개월인데곧누나따라잡겠어아오늘너무힘들다호재우고호재우는데호깨서끌려오고재우고가보니호잠들었고호기침하면서계속깨고안으니왕토해서울고불고호깰까봐조마조마하며닦고갈아입히고나도갈아입고다시재움이제더이상이벤트없길
1,우리 집 김진상 김태현 오늘의 진상 짓은 젤 좋아하는 토끼랑 엄마는 지치고 아빠는 남 일이고 젠장 곰 세 끼
1,아침부터 마트 놀이 서비스 달라니까 사장님한테 혼난다고 그 사장님은 이희성
1,형 누나 사이에 끼기
1,날씨가 선선 하이 좋네
1,인테리어 공사 끝 정리도 끝
1,일 좀 하자 코로나야 제발 좀 사라져 주라 부탁할게
1,아침마다 모빌 보며 놀다가 아련하게 쳐다보며 웃어주는 내 새끼들 오늘도 너무 힘들고 지치지만 웃는 모습에 힘을 내본다
1,년
1,아빠가 놀아주는 법 엄마가 놀아주는 법
1,생각 얌체
1,잠깐 마트 가러 나왔는데 너무 신났던 아이 어린이집은 언제 가냐고 나도 보내고 싶다 무척
1,지친 드
1,코로나로 몸도 맘도 힘든 하루 자기 전무 알코올 맥주로 지친 나를 위로 대한민국 모든 소상공인 힘냅시다
1,딸이랑 함께 순둥이 중에 순둥이 아들과 까칠한 걸 넘어선 까칠이 우리 딸
1,요즘 몸도 너무 안 좋고 상황도 안 좋고 우울감에 의욕도 상실되어가는 기분이 다기도가 부족한 가정성이 부족한가 제자가 부족한가 매일 스트레스에 몸서리치다가 탈이 났다 끔찍한 한 달이었다
1,공부 때문에 지치네요 빨리 종강이 왔으면 좋겠습니다 종강하면 친구랑 골뱅이무침 계란말이에 소주 한잔하러 가고 싶네요
1,힘내자 코로나로 인해 어린이집은 휴원 조치 긴급 보육 신청해서 애들은 통합보육중 짠하네 내 새끼들이 놈의 코로나 내일은 제발 아무 일 없게 해주세요
1,이젠 문자 알림 듣기도 싫다
1,나한테는 잘 안 해주는 뽀뽀 학교 태워다 줄 때 가끔 받는 뽀뽀 용돈 줘야 받는 뽀뽀 건강하고 행복하자
1,그림자마저도 사랑스럽구나
1,가정 보육이라 집에서 할 수 있는 건 다 하는데도 미디어를 최대한 안 보여주며 지내기엔 하루가 길게만 느껴진다 온종일 아이에게 맞춰주기란 나의 에너지가 너무나도 부족하다 아침부터 책 읽기 숫자판 놀이하기 보드게임하기 블록 놀이가 페놀이 친구들 초대해서 놀기 등 많이 한 거 같은데 아직도 시가 안 되었다 이 스님들 집에서 아이랑 할 수 있는 놀이 있음 공유 좀 해주세요
1,지친다
1,또다시 시작된 가정 보육 마스크 쓰는 다음이는 유치원 보내 고원준이랑 둘이 지지고 볶는 중엔 준 이 힘 빼려고 산책하고 온 건데 왜 나만 힘드냐 열흘째 낮잠 안 자는 거실화냐
1,힘드시게 올해는 패스하셔도 돼요
1,인간관계 연애 모든 게 이젠 싫다
1,멍빨하러갑니다여기서멍빨이란강아지목욕을얘기합니다저희는밤순깨순둘다시바견이라서털도오지게빠지고드릅게안말라서셀프목욕하는곳으로가요그래서지금옷갈아입고바로출동
1,일은 했는데 즐겁지가 않네요 지친 다수 선생님네가 게 공부해야지
1,크게웃었어요아는동생이걱정안부얼마전산타하부지가밀첩접촉자로특별히주자가격리라고올린글을내가자가격리인줄알았다며오해하지말아주세요
1,코로나로 시작해서 코로나로 끝나는 마스크 없이 놀러 가고 싶다
1,내 옆에 있는 누군가가 나를 지켜보다가 표현해줘서 알게 됐어
1,우리집비염루돌프이노무비염어째점점심해지는느낌적인느낌언니가써보고괜찮다길래나도사봄요거쓰고좀효과보길제에발
1,모르나 자가 격리자의 방상시 세 끼 사식과 간식 벌써 일째 지친다 거제도에 재앙이 온 것 같다 아빠 언제 만나 그 말이 날 너무 지치게 한다 집에서도 마스크를 써야 하는 빨리 지나가길 바랄 뿐이다 힘내 남편
1,여행 가고 싶다 조용한 곳으로 올해는 나와의 정리가 필요한 해이다
1,자야 하는데
1,아침에일어나따뜻한커피가맛있는커피가요즘절실했는데네스프레소버츄오딱한번머신기있었음했는데이튼날캡슐개와머신기가세팅되어있네늦둥이열심히보라는의미로알께고마워
1,캠핑 갈 사람은 나는 못 가아 놀고 싶다아 날아간 나의 후반기 휴가여 여보게 나는 올해 휴가를 나갈 상인가
1,몇일분유에이유식에잘먹어주더니어제부터다시시작된분유거부그리고이유식거부까지휴중기이유식시작하면서입자크기를조금씩키웠는데많이버거웠나보다만들어논이유식절구에갈아서다시만들기
1,일주일전에쭌형제가직접장식해서만든트리예쁘게찍으면초콜렛준다는말에너무열심히표정관리해준두찌트리하도만져대서트리몸살날지경집콕해야할슬픈크리스마스지만쫌만더버텨보자
1,내일부터 일간 기말고사
1,강제 백수 일요일에 찍 하고 문 닫으세요 하니 정말 헛웃음만 나온다 나의 서른 너무 빡센 데
1,어제오늘 울음 모드 나도 울고 싶다
1,난 정말 쇼핑이랑 안 맞아
1,우리 둘째의 최애 영상물 근데 온갖 시디다 꺼내서 엉망이 돼서 미 춰버리겠다며 하
1,조개 좋아하는 녀석 밥 한술 뜨는 너란 남자이 와중에 조개가 티끌만 한 게 해감함
1,자존감을 높이는 것에 많은 분들이 관심을 갖고 계신데요 오늘은 가지 방법을 가져왔어요 뭐든지 기본이 가장 중요한 것 같습니다 우선 건강하고 규칙적인 일상을 보내보세요가 응원하겠습니다
1,지친다 며칠을 제대로 잠을 못 잤더니 힘들 다운 동도 못하고 이번 다 근무 스케줄 너무 싫다 그래도 다시 정신 차리고 일해야지 늦잠 자서 아침도 못 먹고 어제부터 먹고 싶었던 도넛만 집어 들고 출근했는데 커피가 없는 게 함정 점심에 커피랑 먹을까 심한 내적 갈등 중
1,별이 가장 빛나는 그쯤에서 나중에 꼭 만나 길
1,우린 일에 치이고 사람에 치여 성숙해 가지요 널 조온 나 아낀다
1,코로나로인해토요일이시간이면이층까지차야되는시간에군대군대텅비어있다그래도이렇게찾아와주시는분들이너무감사하다보다더힘든시기손님이없는게코로나때문이겠지아닌가꽃소가많이부족해서그런가하고하루에수십번씩여러가지생각에잠긴다이럴수록더정신차리고우리가게지켜내야지코로나로모두가지쳐있는상태끝날거같지않은전염병후그럼에도잘버텨볼테니부디정부가내린판단이코로나를이겨낼수있도록바래본다너무답답한마음에끄적끄적저희꽃소에서는최대한소독을철저히하고있고건물측에서도수시로방역을실시하고있습니다방문자기록도철저히이루어지고있습니다
1,함안을 벗어날 수 없는 우리는 하오 늘도 신나게 무럭무럭 자랐다고 한다
1,토요일 재오픈하고 청소할 것도 없는 바닥 쓸고 대걸레로 힘주어 닦고 에어컨 청소에 메뉴 정리하니 시네요 이제 시간 후면 마감이겠죠 훗 이젠 공부시간인가 어제 상향 조정 발표했는데 낼 또 상향할지 발표를 또 한다네요 그냥 진작에 단계 하지 정말 자영업자 피 말려 죽이렵니까
1,월 둘째 주도 첫 주와 같이 운영합니다 대관 앞뒤로 소독 청소 철저히 하고 대관합니다 이용 부탁드려요 주말은 시부터 시까지 일반 입장입니다
1,장염나았더니이번에는약물부작용으로전신발진가려움너무웃긴게꼭나이트근무하는날이래누가보면일부러아픈줄알겠다진짜요즘몸왜이렇게안좋니지친다나혹시개복치니
1,늘 좋은 모습만 못 보여줘서 미안해 부족한 엄마라 더더욱 미안해 좋은 목소리로 하율이를 불러주고 싶고 하율이 눈에서 눈물 안 나게 하고 싶은데 윽박지르고 무서운 엄마로 변해서 미안해 아직 좋은 엄마가 대려면 멀었나 봐
1,제주는 겨울이랑 봄이 특히 예쁜 거 같다 눈꽃이 벚꽃처럼 피었다 우리가 제주살이 하러 갔던 첫해와 두 번째 해 모두 제주에 폭설이 내렸었다 자연재해 수준의 폭설이었지만 눈길에 미끄러져 사고가 많이 났었고 출퇴근도 힘들었으니까 제주보다 더 남쪽에 있는 상해에서 년 가까이 살다 와서 동화책에서 보던 함박눈을 직접 보고 마당에 쌓인 눈으로 눈사람을 만들었으니 유 군들이 지금도 종종 그때가 제일 재밌었다고 제주도 가고 싶다 얘기한다 올해는 눈이 얼마큼 올진 모르겠지만 겨울 제주에 추억이 많아서 아이들과 한번 가고 싶다 그러나 코로나가 심각하다 제주에도 확진자가 다녀가는 바람에 작년 어리목 드라이브 갔다 찍은 예쁜 눈꽃 사진 보고 일단은 만족해야지
1,오늘 아침부터 지금까지 치우고 어지르면 또 치우고 어지르면 또 치우고 어지르면 또 치우고 몇 번째인지 이번이 마지막이 길
1,어이 생물 넌
1,춥다 코로나가 심각해져서
1,판돌이 때가 그립군
1,한번 아프고 나더니
1,미워해좋아해짝사랑은힘들다서로의사랑을나누는게아닌일방적으로주기만하고받지를못하는이사랑은내마음에있는게모두말라서비참해질때까지멈추지를못한다너는내게마음이없다는걸알고다른사람과더가깝다는걸알때마다비참해져서저밑으로떨어져가는나를본적은있을까싶다비참해져버린나는그런너를미워하면서도좋아하는멍청이다생각조차하기싫다고던져놓다가도핸드폰을잡으면너에게연락이와있을까싶어두근거린다너의예전프사를몇번을돌려보고너와의대화를돌아볼때쯤내가뭐하고있나싶어지면그제서야슬픈웃음이흘러나오곤했다맞팔요청은이나댓글로부탁드립니다
1,서산으로 피난 가는 중 어제 싱크대 역류하고 밤늦게 업체에서 청소해주시고 안방에서 식구 끼여서 잤네요 오늘 장판 업자 다녀가셨는데 장판 밑으로 스며든 물 말려야 한 데서 서산으로 피난 왔어요 언제쯤 마무리되려나 고단하네요
1,춘천 소양로 편한 세상 화장대 붙박이장 문틀 분백색 인테리어 필름 시공
1,근년 만에 면접 보는 자리라 너무 준비를 안 해 간 것 같다 살짝 아쉬움이 남는다
1,오늘 도시 내 이제 고마 오고 싶다 휴식이 필요해
1,오늘은 하루 종일 미끄럼틀 타기 그림 그리기 잠시 한눈팔면 미끄럼틀 위에 서있음 그러다 떨어진다
1,어쩜 지치지도 않니
1,제 말을 들어보세요 몇 번이나 말씀드렸잖아요 못한다고요 안 하는 게 아니라 이 말이 이해 안 돼요
1,일하며 스트레스는 쌓이고
1,힘든 양이
1,카드 뉴스 끝없이 자신을 채찍질하는 사람들
1,곁을 내주기엔 마음의 여유가 너무 없다 그러면서 동시에 외롭다고 징징대는 건 무슨 조화냐 잘 자 요란 메시지에 답을 못하고 언제까지 나를 이렇게 내버려 둬야 하는지 막막하기만 하다
1,언택트 시대에 걸맞은 집에서 돈 버는 방법 자리 선점이 중요한 거 아시죠 합법적이고 편한 세컨드 잡 애플에서 셰리와 함께해봐요
1,시간지나면치워도봤고굶겨도봤는데하제발어서돌아와잘먹던먹순이로제발
1,맛 좀 하세요
1,지친다
1,거리에 사람이 아무도 없다 무섭기까지 한 사회적 거리두기 내년에는 평범한 일상을 누릴 수 있기를
1,이제는 몸도 마음도 모두 지쳤다 더 이상 버틸 수 없을 것 같아서 이제 그만 여기서 멈출래 너를 사랑하는 걸
1,흩어 오늘 머리에 과부하 와서 화장실로 피신
1,오랜만의 안 놀 시간 군산 코로나 난리 무서워서 방콕 일차 지겹다
1,비즈를 잔뜩 엎어놓고 왜 화나 어울 아기 언니 째려본다고 아무것도 안 나오는데
1,빡세게 굴리자 우울할 틈이 없게
1,코로나 언제 끝나니 여행 떠나고 싶네요
1,코로나에게 갑자기 우리 곁에 나타나 뒤흔든 너 지치지도 않니 이제 그만 갑자기 흔적 없이 사라져다 오
1,어제 자
1,월 일 오전 시 분 머 하는 거지 방해금지 모드가 꺼졌나 징 징 징 징 소리에 깨서 시간이 너무 없다 잠 안 오네
1,뭐라도 올리고 싶은데 뭐라도 올릴 게 없어 아무것도 없어 맨날 집이야 어제도 집이야 오늘도 집이야 내일도 집일 걸 너네도 집이야 나만 집이야 날도 추워 나만 추워 너네도 추워 뭐라도 하고 싶은데 뭣도 할 게 없어 그냥 그렇다고
1,숙모랑 가 빈이랑 요샌 삼촌보다 숙모를 더 좋아하는가 빈 이 삼촌 저리 가
1,좋아하는 사람들과 따뜻하게 커피 한잔하던 평범한 날이 너무 그리운 날
1,꿈에서 또 다른 내가 되어 나를 안아주고 싶었는데 나는 나에게 오지 않는다나에 게 안기지 않는다 꿈에서도 내가 아닌 네가 안아주길 바랐나 보다
1,언제까지 할 수 있을까 점점 늙어가는 게 확실함
1,과제에 지친 자
1,우리최여사님오로지막내만찾음뇌경색이더많이진행되어입과눈이많이삐뜰어짐막둥이가자꾸눈에걸리는지김장하고있는아이급전화해서김장하다말고최여사님보러달려옴내일도출근하는데막내찾아서리점심시간에잠깐차끌고면회시간맞춰서오기로의사샘님말씀은변함이없으시네어찌손쓸방법이없다고수술도약물도물도조절이안된단다이제퇴원하시면바라는것도하지말라는것도없이하고싶은것가고싶은곳맘대로하라고하고그저최여사님만집중케어를하는걸로아프지만말고맛있는것먹고싶은것맘대로좀먹어보고살던동네도한번돌아보고원없이편안하게자는것처럼가셨음좋겠다아파하는거괴로워하는거옆에서보는거너무힘들어우리친정엄마최여사님오늘밤도무사히잘버티고내일약을좀조절해준다하니잘견디기
1,이사하고 정신 업지만 일요일은 꼭 워니 보는 날
1,마치 비가 오면 번개가 치고 무지개가 피듯이 그렇게 나와 너는 다르게
1,이렇게 끝이구나 이번 주말도
1,너는 나를 끝까지 비참하게 만들어
1,거짓으로 꽁꽁 쌓인 그 너머의 진심에서 내 마음이 담은 건 오로지 그대뿐이었다고
1,난이제지쳤떠요땡뻘
1,요번 주말 세 번째 셀프세차 셀프는 할 때마다 지친다 그래도 하고 나면 반짝반짝
1,정말 너뿐인데 너는 내가 아님이 보여서 그냥
1,언제쯤 다시 자유롭게
1,지친 몸으로 겨우
1,길고 길었던 월이 끝나가고 개인적으로 힘들던 년이 점점 지나가는데 시원섭섭해
1,공원 산책하는데 완전 무장 간 만에 전신 풀 샷 부탁드렸더니 신랑님 요로 코롬 짧게 찍어 주심 여보야 다른 인별 그램 피드 사진들처럼 길쭉 포대나 게는 못 찍어주는 거 코로나 단계니 산책만 살짝 하고 또다시 집에 콕 하러 저녁이라도 잘 차려 먹자
1,마음이 허하다
1,연말에 친구가 모임 지고하면 보내고 싶은 짤 치료제 나오면 없어질 짤
1,이거면 됐다
1,지아슬기로운집콕생활차코로나확산으로집에서만지낸지일째첨에는집에있는게좋다던지아이제는유치원이가고싶어매일자주묻는다엄마내일은유치원가두돼요가고싶어요어제저녁지아담임선샘님전화오셔서물어봤더니첨에는아이들이안나오더니이제는과반수이상이나온다는아이들이무슨죄인지우리어른들이조금만조심해주면아이들이뛰어놀수있을텐데월요일부턴단계지아는오늘도유치원가고싶어요주말이라서유치원안가는날이라고하니그럼내일가겠다고한다딸내일도주말이야그럼하루밤더자고가고싶단다휴널어쩜좋아년가까이이런생활이제쫌끝이났음좋겠다내년에는우리아이가맘껏뛰어놀수있길
1,이놈이랑 신나게 돌아다니고 싶다 아무 걱정 없이
1,당연해졌다 나의 웃음이
1,지친 하루에 오늘 나름 참 기분 좋은 날이라 생각했는데 주절주절 아직도 끝나지 않은 오늘 피곤하다
1,다시 돌아온 에릭이는 겁이 겁이 어마어마 얌전한 얼굴로 사람 등 타고 다니는 하자 말라고 해도 손은 잘해 그냥 막 해 지가 사람인지 아는 건지 그만 잡아라 저 발톱을 내가 못 깎아서 병원 가게 생겼네 아니 어떻게 저렇게 겁쟁이가 되어서 왔냐 입양하고 싶으면 그냥 저한테 물어보세요 이 시국에 온 가족이다 보러 오겠다는데 또 시작된 거 같아서 임 보안하고 싶응께 그만큼 보고 데려갔으면서 다시 돌려보냈는데에 휴징 글 징글 우리 집이지 펫숍 아니라고 몇 번을 말하고 또 말해야 하나 인간들 땜에 내가 지친다 지쳐
1,아 진짜 이러기 없기
1,지후야힘내거라목운동으샤으샤비록니가재우는게힘들고많이먹지만이엄마아빠가정신적으로너무힘들지만형키울때랑달라서새로키우는느낌이고더힘들지만너미워하는거아냐그냥좀지후야너가형보다힘들다그치만벌써한달이조금넘었고무럭무럭건강히자라고있는너가대견하구나언능커서조금만덜힘들게해줬음좋겠다엄마희망사항이지
1,혼자 하는 김장이라도 박스를 할지 세 박스 킬로를 할지 고민하다가 김장 한 번 하고 몸살 한 번 나면 되지라는 미련한 생각에 키를 주문해 버렸다
1,납득이 열 준비 땅 페어플레이 정신 무려 주전 그땐 코로나가 이 지경이 될 줄은 몰랐는데 마스크 잠깐 벗고 트랙 도는 게 이날 이 마지막이 될 줄이야 득이는 아빠 축구하는 곳에 놀러 가면 축구장 주변의 트랙을 번은 뛰어주는데요 출발하는 방법을 알려줬더니 재밌었는지 몇 번이고 엄마랑 출발 선도 맞춰가며 엄마도 뛰는지 확인하고 출발하면서 에너지를 발산했어요 이미 득이가 저보다 훨씬 빠르다고 하면 아무도 안 믿어주겠죠
1,쉴새없이우주복을입고뛰어댕기니몸은기진맥진땀에쩔엇고한명빼면기다렸다는듯들이치는환자들로방전제발그만좀이제그만
1,모두 잠든 후에 이 시간이 나에게 주어진 가장 조용한 나의 시간
1,퇴근샷마지막수업마무리하고아배고파
1,깜짝 놀랐네 가끔 내가 좋아하는 책들을 감이 오는 데로 펼쳐서 보는 것을 좋아한다 마치점을 보는 것처럼 소 오름 진짜 난 휴식이 필요해 이젠 일이 무섭다 이렇게 무서운 적이 첨이다 두렵다 이젠 나 자신이 나를 그렇게 만든 걸 누굴 탓하겠냐마는
1,미워해좋아해안녕생각보다오랜만에너한테말을건네봐물론그날그순간뒤부터너와는문자도못나눌만큼멀어지기는했지만나는아직도가끔씩너의사진들을보며되새겨너가나를떠났고나는그런너를미워했지만정작너의전화번호는머릿속에서지울수가없더라외우고있는이전화번호가자꾸만전화를걸어보라고말을걸어혹시라도너가받으면누군지모르는사람에게서온이전화를받는다면내게비추던그미움만큼은없어진목소리를들을수있지않을까싶어미안해못다버린정때문에너가보고싶어미칠거같아언젠간지울수있겠지싶다가도포기해버려너를지워버릴생각이없어서맞팔요청은이나댓글로부탁드립니다
1,마음에 난도질하고
1,매애 매일이 출장의 연속이네요
1,다 컸네 링거 바늘 넣어 두 눈 깜짝 안 하고 내 맘이 더 아픈데 오늘 난 체력이 떨어진다 으응
1,안개 실화 앞이 안 보여서 놀랬네
1,어딘가로 혼자
1,브랜드를 대표하는 에듀케이터 예전에는 브랜드 회사에서 급여를 받았습니다 현재는 살롱 원장님들의 부업 시스템이 되어있습니다 브랜드사는 인건비 절감과 강의에 뜻이 있던 원장님들을 팬덤으로 만들 수 있는 일거양득 시스템 어떤 분들에게는 좋은 기회가 되겠지만 영세한 네일숍 원장님들에게는 제품 사용설명서를 듣기 위해 교육비를 지출해야 하는 이중고에 허덕이게 된 시장이 되었습니다 저 또한 누구보다 발 빠르게 새로운 기술을 습득하고자 매년 많은 금액을 배움에 쏟아부었습니다 어느 날 이런 생각이 들더군요 이렇게 언제까지 얼마까지 기술을 배우기 위해 노하우를 얻기 위해 대가를 치르는 것은 당연한 일이라 생각합니다 하나 여느 회사의 제품을 소비하기 위해 교육비 명목으로 비용을 지출하는 일에 지쳐갑니다 원장의 입장으로 고민해봅니다 이 교육은 과연 누구를 위한 것인가 원장들을 위하는 조직은 과연 있는가 우리는 과연 현명한 소비를 하고 있는가
1,긴급공지 내일 오슬로 파크 프리마켓 취소 코로나 여파로 당분간 프리마켓은 잠정 연기되었습니다 얼른 코로나가 잠잠해져서 다시 만나는 날이 왔으면 좋겠어요 마음이 무거운 밤이네요
1,누가 내 마음을 잘 알까
1,무엇을 위해
1,울보하리왤케울리고싶냐꼈하리엄마화장실간사이에엄마도와줘하면서울길래나가보니꼈어이와중에사탕은지켜야지요
1,오늘의 등원 샷 일어날 때부터 징징이더니 결국 대성통곡하며 가는구나 도대체 왜 이러는 걸까 육아의 길은 너무 힘들다 엄마라는 이름은 너무 무겁고 지친다 둘 찌는 이런 건가요
1,그게 최선인가요
1,사무실 춥다 집으로 가야지 뭔 생각을 오래 한 건지 씨 퇴근을 지금
1,유주도 아프고 아빠도 아프고 엄만 맘이 아프다
1,춘천 닭갈비 먹고 싶다 엉엉
1,솔직해진다는것자격이없다는거생각보다사람을더비참하게만들었다너가나에게당연시하게받던말들이나한테는너무나도듣기어려운말이다주위사람들이가볍게뱉는한마디들이나를깎아가는게무서웠다나는이런사람이아니었는데어느순간나를돌아보니맨뒤에뒤처져너의등만을바라보는사람이되어버렸다내가너무부족해서넌돌아봐주지않고내가너무부족해서널잡을수가없다맞팔요청은이나댓글로부탁드립니다
1,보디 프로필 다이어트는 쉽지 않다 슬슬 몸에 힘이 없어진다 채팅을 한 끼만 딱 한 끼만 해볼까 해산물로 조금 만한 입 먹고 폭주할까 봐
1,지친다 이젠 내 감정을 숨기고 누군가의 감정을 받아주고 알아봐 주고 공감해주고 그로 인해 힘들어진 내 감정은 속으로 삭혀야만 하고 나도 너무 힘든데 펑펑 울고 싶어도 이젠 눈물조차 나오지 않는다
1,힘듦
1,좋아하는 커피를 벌컥벌컥 마셔도 피곤한 오늘 맥주를 벌컥벌컥 마셔야 풀리려 나아 캠핑카 곱다
1,명언 등급
1,이 아침에 삼겹살 굽는 여자 난 아침에 삼겹살 꺼내놓고 씻으러 들어간 아드님 덕분에 삼겹살을 굽네요 오늘부터 단계 격상으로 등교중지 온라인 수업으로 대체하는 울 아들 잘 지내보자고 또 싸워야 한다 온라인 수업 후 게임 또 하겠지
1,와우 겁나 힘들다 몸이 언제쯤 가벼워지려나 내 노력이 부족한 탓이야
1,솔직해진다는것너의길을위해서나는넘어졌고짓밟혔고무의미한삶을살게됬는데너는왜그렇게잘살고있어너는나를버리기까지했으면서왜나와함께있을때보다더행복해보여너를원망할수는없었다내바보같은정많음이너를버릴수없게만들더라너가아무리나를짓밟고망가뜨려도나는너를다시찾았고너한테예의상하는문자가오더라도읽고싶어미칠거같더라왜그러는거야나한테그렇게잔인하게굴기에는이미충분히많이했잖아살려줘제발맞팔요청은이나댓글로부탁드립니다
1,나야 뭐 항상 뭘 해도 꼬이긴 해
1,어릴 적 아무것도 몰랐던 그때로 갈 수는 없을까
1,너네들 흉 요즘 부쩍 더 정신없이 노는 딸내미들 정말 전쟁이 따로 없다 잠도 없어서 시면 일어나서 난리 법석 아들 쌍둥이 키우는 것 같아
1,삼 궁둥이들 즐겁게 놀다 와 썸
1,아침에한시간산책하고옆집프리다랑놀고점심에공원가서강아지친구들잔뜩만났지만또나고싶다힝
1,빨리 첫눈이 왔으면
1,우리에게 너무 당연한 것들 우리가 살아왔던 평범한 나날들이 다 얼마나 소중한지 알아버렸죠
1,적당히만
1,탄 이랑 처음 다녀온 킨텍스 케이 펫 페어 신건 많지 않지만 그냥 오늘 뿌듯
1,우울 모드 날씨도 흐리고 주말은 끝났어 이제 올 중순 시간이 빠르다
1,제발 마스크 좀 잘 쓰고 다닙시다 나만 아니면 된다는 생각과 이기적인 사람들 때문에 코로나 감 여자가 늘어나고 거리두기 격상으로 소상공인들은 또 힘들어집니다 본인만 감염되고 끝나는 겁니까 가족 지인 주위 사람들까지 감영 되고 큰 피해를 준다고는 왜 생각을 못 하는 걸까요 주위에 보면 아직도 마스크를 안 쓰고 다니는 분들이 너무 많네요 정말 욕 나옵니다 안전 수칙 지키고 방역당국에서 하라는 대로 하는 게 그렇게 힘든 건지
1,응급실비도 오고 뭐 이리 울적하니 몸도 마음도 엉망이야
1,예민하다 너무 예민하다 그냥 호르몬을 탓한다
3,지금 오래간만에 혼술 중인데 죄책감 드네 맛있게 먹으면 칼로리라 했는데 맞지
3,앞마당캠핑촉촉하게비까지내려주니갬성업업업
3,우리 쏘아 두 번째 크리스마스 재난 문자 속 확진자 동선이 너무 가까운 곳들 그래도 크리스마스고 햇볕도 너무 좋아 후다닥 슴벅 케이크 사러 빵집 집 앞 마트 그 잠깐도 즐거워한 우리 쏘아
3,감사합니다 사랑합니다
3,감사합니다 사랑합니다
3,힐링
3,결혼하고 첫 생일 아빠의 모닝콜 냉장고엔 동생의 메시지와 엄마가 해준 미역국 눈뜨자마자 주방을 점령한 남편이가 오전 내내 준비한 잔치국수 미역국 대신 오래 살라고 국수를 삶아줬다 코로나라서 다들 자주 못 보지만 축하해주는 마음만으로도 따뜻해지는 하루 고마워 용 내 사랑 가족 친구들
3,감사합니다 사랑합니다
3,크리스마스잘보내셨죠관우도집콕크리스마스즐겁게보냈어요
3,해피 해피
3,감사합니다 사랑합니다
3,산타가 왔다간 크리스마스 끝
3,울이 모 이쁘지
3,남는 건 추억사진 너랑 번째 크리스마스
3,년 개월 만에 기변이다 이제 버즈 살 돈 마련하자
3,그래 나 돼지다 너무 맛있어 행복해
3,갈수록이뻐지는둘째뽀꺼니아정말하루종일붙어있고팡
3,너를 추억해 아가야 태어나서 이 사진같이 보자
3,캠핑다녀오는길에김밥이너무먹고싶은데김밥천국밖에연곳이없어서만들어먹기계란단무지맛살햄매운어묵시금치우엉조림치즈깻잎참치가지재료듬뿍넣고돌돌돌말아서새벽에줄뚝딱먹고아침에김치도시락면에줄뚝딱참돼지야근데너무너무맛있다
3,무슨 스테이크더라 아 아무튼 맛은 있었어
3,너무 일찍 일어나서 심심해 잉
3,태어나자마자 엄마 아빠랑 아이콘택트 눈뜨는 신생아는 보기 드물다고 뭐든 특별하게 느껴진다나도 어쩔 수 없는 도치 맘인가
3,오랜만에 자획 쉬면서 크리스마스 사진 찍기
3,조금 늦은 크리스마스 사랑해 미현이
3,크리스마스 기록
3,알고 보면 우리 모두 영화 속 주인공단 지원치 않는 숙제들로 한숨이 나왔을 뿐
3,오후 시부터 만들기 시작해 시쯤 완성 거의 오빠가 다 만든 거지만 내가 뿌듯하구먼 너무 이쁘다 또 사서 만들어야지
3,크리스마스 데이트
3,크리스마스이브 데이트
3,우리 이쁜 야부 만들어준 하트 벌써 보고 싶다 언제 또 보러 가까나 다음에는 같이 오래 있오 야지 아프지 말아요 우리야 부
3,멜크
3,단독주택이 역시 최고야
3,유난히 예쁜 달 내 짝꿍이랑 같이 봐서 더 예쁜 달
3,우리들의 휴가 시간
3,월일크리스마스빨간날이고저번에식객허영만의백반기행방송에나와서그런가손님들이많았다가게일도와주고저녁에는회대게홍게조개찜에한잔
3,메리 크리스마스
3,나쪼쿰행복카댜
3,서로 향수 만들어주기
3,주년
3,크리스마스에 데이트 내가 맨날 맨날 스테이크 먹자고 노래를 불러서 주노가 데리고 온
3,이브는 가족이랑 장어에 케이크 파티밖에 못 나가지만 가득 찬 이브네요
3,좋다
3,월 일상 메리 크리스마스 코로나로 인해 파티고 뭐고 없을 줄 알았으나 나름의 홈 파티 함께 만들어 먹을 수 있어서 행복 깜짝 크리스마스 선물 편지를 받아서 또 한 번 감동 쓰다 사다 난했던 연도 이제는 일 남았다 아쉬움이 가득하지만 내년에는 지금보다는 더 발전하길
3,토잠실롯데타워데이트항상함께해줘서구경하러다니는데이트도너무좋은거같앙덕분에오늘도행복했뎡집에서잘쉬고또봐융
3,꿀 연휴 너무 행복해 냄새나는 고기는 안 좋아하는데 요긴 맛있어
3,메리 크리스마스 운동 등산 영양 밸런스 건강이 자산이다
3,백만년만의족발정말안먹으려했는데보들보들한족발이란낼아침피부좋갰당
3,크리스마스는 언제나
3,두둥 루이비통 가방이 드디어 내 손에 산타 할배가 나한테까지 막 멜 수 있는 가방 주세요 했는데 명품이 들어왔다 막 메고 열심히 나갈게 현실은 매일 집에 콕
3,내일은 더 비싼 양주를 먹자
3,크리스마스 콘셉트 누구랑 누굴까요
3,아차산 등산 필름 카메라도 찍어보고 오늘도 행복하다
3,코로 나 땜에 단독 풀빌라
3,할머니의 연대 목걸이 결혼기념 선물로 받으신 목걸이라 그런지 아끼신 게 느껴지는 것 같다 사용하신 분의 취향을 엿보는 재미도 있고 비슷한 취향인 분을 찾는 것도 너무 즐거웠다 최애 가게가 또 늘어 너무 기분 좋은 날이다
3,지금 내게 필요한 건 커피 한 잔의 여유 행복한 사람들
3,먹은 뒤로 살 안 찌고 빠지는 것도 신기하고 얼굴 자체가 달라지니까 너무 좋다 왜 이 사업을 지금 알았을까 좀 더 빨리 알면 좋았을 텐데 이 생각을 많이 하게 돼 네 누구 엄마가 아닌 누구의 와이프가 아닌 내 삶을 찾아서 좋다
3,오래간만에 취미생활 행복하냐 즐거우냐
3,썸 탈 때 조급함은 금물 서로를 배려하는 마음으로
3,크리스마스 선물에 내가 좋아하는 대게까지 서프라이즈
3,남편이 열심히 꾸며놓은 스위트홈에서
3,통영 크리스마스
3,크리스마스의 행복
3,차크닉
3,해피 크리스마스
3,크리스마스 선물로 산 우리 집 오락실 쉬는 날 테이프다 걷어내고 와이프가 다 칠해주고 스티커도 다 해줬지 이걸로 켠 김에 왕까지 다 가겠어
3,목이랑 코가 건조해서 생강차 타서 침대로 쪼르르 와버림 뜻밖의 연휴 느낌 내가 좋아하는 거다 해야지 의식의 흐름대로 그런데 바쁨
3,일하면서 행복을 느끼는 순간 고객님께서 카카 오계 정 찾아줘서 고맙다고 빵을 사다 주셨다 난 그저 당연히 할 일을 했을 뿐인데 정말 중요한 게 그 계정에 있었다고 오히려 너무 고맙다고 하신다면 접어 신분 면접 보고 있어서 잘 신경도 못 써 드렸는데 너무너무 감사합니다
3,생일 전야제 사랑하는 친구나 경이가 생일상을 차려주었다 코로나 때문에 어딜 못 가니 밖에서 먹는 것보다 훨씬 맛있고 분위기 좋다 감동 감동 너무너무 고마워
3,몇 달 만에 성공이던가 다들 너무 빠르셔서 매번 실패하다가 월에 처음 성공해서 받은 맘이 아이 키트 임산부 기프트 박스 주말 잘 쉬고 있는데 반가운 택배 아저씨 박스가 너무 커서 뭐지 뭐지 했는데 뜯어보는 내내 기부네가 좋구나 보솜이 기저귀 비야 비야 물티슈 아기 치약 유아용품 세정 티슈 손익 전용 티슈 베개 닥 터 아토 샴푸 워시 로션 샘플 더 퓨어 샴푸 워시 로션 크림 샘플 푸짐하다 푸짐해 택배비만 내고 이만큼이나 올 줄이야 개월 뒤면 만나는 우리기 특이 우리 딸한테 유용하게 잘 쓸게요 고마워요
3,내년엔 행복하자
3,오랜만에 지효지 후보니 지효급 존댓말 어머니 덕에 너무 편한 게 지냈다 최고 크리스마스 선물 너무 답답해 가까운 공원에서 빨리 햄버거만 먹고 후닥닥 집으로 갑니다 누나라고 지후 챙기는 거 보면 기특해
3,동네 산
3,로맨틱한 만삭 촬영
3,초대해주셔서 감사합니다 요즘 코로나로 무기력한 삶에 즐거운 크리스마스 저녁
3,굿바이 크리스마스
3,산타님이 오셨군 요소 오름 이젠 로또만 남았구나 내 새끼들 맛나는 거 먹자고 낫
3,메리 크리스마스 반전의 반전의 반전 마니또 나에게 포토샵 이란 없다
3,년 마지막 케이크 특강은 줌으로
3,너무 늦게 장본 탓에 거의 야식이 돼버린 우리들의 첫 번째 홈 파티 하루 늦게 올리는 크리스마스 홈 파티
3,아침 모닝 마라탕 얼마나 먹고 싶은지 꿈에서라도 나왔다 꿈에서는 먹지도 못하고 일어났지만 현실에 나는 먹었다
3,잊지 못할 크리스마스였다
3,히피스베이글슈톨렌스콘리트리트커피카푸치노시나몬해피크리스마스쌍따봉
3,얼마 전 저녁이 너무 완벽해서
3,메리 크리스마스
3,행복하고 즐거운 주말 아침 요즘 울 꼬맹이와 함께 있어 줄 수 있는 시간이 많아져서 너무 행복하다 많이 다투고 조금 체력이 힘들지만 같이 있어 줄 수 있을 때 오래 같이 안아주고 오래오래 기억하고 싶네 사랑해야 신방망이 이 빈
3,레아 친구들이랑 주고받은
3,우리의 첫 만남
3,생에 처음으로
3,신나게
3,크리스마스 데이트 너무 좋다 코로나 때문에 후다닥하고 볼 거만 보고 피신하기 다음 크리스마스 때는 더 좋은 추억 만들어요
3,홈 파티 메리 크리스마스
3,행복한 시간
3,첫 줄장미 예쁘다
3,민자매다정한민블리들
3,오빠와 보내는 번째 크리스마스 크리스마스 캠핑은 두 번째 박일 여정은 아직 끝나지 않았다
3,즐거운 크리스마스
3,우리 가족의 행복한 하루 즐거운 크리스마스지만 내 생일인 아침부터 서방님이 차려준 생일상 고맙고 많이 사랑해요 요리사 오서방님
3,예술적으로 보인다
3,우리의 첫 크리스마스 서로가 크리스마스 선물
3,사진제대로찍을줄아는아리방구지금도내배옆에누워서곤히자고있는널보면형아는잘키웠구나생각되며마음이뿌듯해져비록형아가이제삼십살이된노총각이라도너와함께라면전혀외롭고두렵지않아우리아리앞으로도건강하게형아옆에껌딱지처럼붙어있어야해너의똥방구냄새마저사랑하는형아가
3,너를 사랑하기에 오늘도 부족함이 없다 엄마랑 재밌는 책을 많이 읽자
3,오늘 크리스마스라 겁나 먹었음 새벽엔 웹이 드 보면서 불닭까지 먹어 재꼈다는 건 안 비밀임 솔트였던 건 그냥 비밀로
3,크 배달 만으로 이를 하고 몸은 힘들지만 마음만은 날아갈 듯이 기쁘고 뿌듯하고만 어려운 상황 속에서도 이 정도 매출이 나오는 건 다 이유가 있겠죠 제일 기본인 맛이 없다면 불가능한 매출입니다 내일도 한번 달려가 봅시다 그놈 포차는 이 시국에도 열심히 달리고 있습니다 혼자였다면 불가능한 매출이겠죠 언제든 저희 그놈 포차 본사가 도와드리겠습니다 언제든 연락 주세요 그놈 포차 가맹문의 환영입니다
3,우리의 크리스마스
3,행복한 크리스 마슈
3,메리 크리스마스
3,번의 크리스마스 중 둘이 보낸 첫 크리스마스 약간 쓰다 완벽
3,남자친구 없어도 알차게 보냈다
3,메리 크리스마스 우리 산타 베베
3,어쩜 똑같은 선물을 준비했을까
3,보여줄게 느껴줄게
3,겨울 휴가라 어디든 가야 되니까 제주도 동문 야시장에서 딱새우 광어 전복 김밥 완벽해 첫 렌트하고 정말 편해요 내일도 안전운전
3,뒷북치는 크리스마스 혜지
3,조만간나도꼭내년에도열심히공부해본다존버
3,해피 해피 크리스마스 좋은 사람들과 안주 킬러 이민성
3,행복한 크리스마스
3,메리 크리스마스 둥둥
3,이번 크리스마스는 새로운 사람들과 새롭게 보냈다 함께해줘서 고맙고 또 고마워
3,울애기들문산똥찌문찬똥찌기요미들이모가사랑한데이
3,이번 크리스마스는 댄스 크리스마스
3,메리 크리스마스
3,소미랑 첫 크리스마스
3,얘들아 막달
3,규혀니에게받은크리스마스카드규현아너의존재자체가엄마아빠에겐커다란선물이야고마워엄마아빠의아들로태어나줘서작은손으로써내려간정성스런카드를받으니행복해
3,감동 주는 사람
3,미니언 눌림 귀엽다
3,일이었던
3,행복
3,우리 설아
3,이쁜 내 딸 첫 크리스마스 축하해 이젠 혼자서도 잘 앉고 궁금한 게 많은 지 일 초도 눈을 못 떼서 정신없지만 그 이유는 널 가장 사랑해서 그런다는 고코로 나 땜에 분위기 있는 남편과의 데이트는 없지만 이벤트적인 날보다 일상이 더 소중하지 싶다
3,가족들과 배달음식으로 홈 파티
3,엄마 아빠 말 잘 들으니 소원이 이루어지지 산타 할아버지 비대면으로 왔다 갔어
3,손잡으려다 팔짱 헤헤 은근 설레네
3,메리 크리스마스
3,햄 볶아한 크리스마스 망할 코로나 때문에 간단히 저녁 먹고 사람 접촉 최소화 드라이브 쓰루로 커피 사서 드라이브 겸한 바리 키로 가는 데 분 걸림
3,크리스마스 파티
3,산으로 강으로 하미랑 하비랑 너무 행복한 웨인이
3,즐거운 크리스마스 날
3,크리뚜마뚜선물감짜합니당
3,년월일금요일엥우리들만엥소소한크리스마스
3,하루하루가 정말 소중한 요즘
3,행복했던 크리스마스
3,키치 콩
3,크리스마스는 가족과 함께 산타 할아버지 선물 받고 기뻐하는 아이들 보니 행복하 내 우리 가족들 건강히 행복하게 살자고 메리 크리스마스
3,신발내놩
3,연월일 크리스마스는 집에서 가족이랑
3,크리스마스에 렌트 드라이브
3,메리 크리스마스
3,즐거운집콕클스마스
3,메리 크리스마스 유니 이모가 정 모 먹으라고 보내준 케이크 고마워 보내준 케이크는 너무 커서 작은 걸로 바꿨어요 나머지는 정 모 간식용 빵
3,오늘 정말 행복한 메리메리 크리스마스였어 오래오래 함께하자
3,핑크 땡땡이랑 크리스마스 파티 아이돌 화장시키기
3,모두 메리 크리스마스
3,주 나가 해준 미역국과 소갈비 소장님이 생일이라며 챙겨주신 케이크로 한 상 차려서 맛있게 먹었다 크리스마스 겸 생일파티
3,행복한 크리스마스
3,정운이의 크리스마스 아이들의 동심을 본 날 정운 아메리 크리스마스 이제 형아 같네 크리스마스 잘 보내고 행복하자 사랑해 아들
3,우리의 첫 크리스마스 비록 코로나로 인해 크리스마스트리는 함께 못 봤지만 오전에 눈 내려준 덕분에 화이트 크리스마스라는 특별한 날이 되었다 힐링하고 싶다는 말에 광주에서 부산까지 드라이브하자며 데리고 와준 울 오빠 최고 최고 본인도 스트레스 풀고 싶어 펀치 한번 쳤더니 최고점은 거뜬히 넘겨버리고 이상 점수는 다 남자친구 점수라니 그래도 난 항상 까불이 할 거니까 각오해
3,메리 크리스마스 행복하게 살자
3,짹짹 니와 함께하는 번째 크리스마스 이번 연도는 눈 구경도 트리도 산타도 아무것도 못 해줘서 속상하지만 그래도 행복해하는 너 고마워
3,메리 크리스마스
3,산타 우의 최고의 선 물라고 방 동안 너무 즐겁고 행복했어요 안 그래도 건강 걱정했었는데 건강검진도 받고 아주 칭찬해
3,매년 크리스마스는 가족들과 온천 가는데 올해는 첨엔 텐트에서 크리스마스 보내는 건 생각보다 괜찮네 이 넷이서 행복하게
3,생후 일 차니 아와 함께한 첫 크리스마스 아빠의 전속모델이신 리아 찡 이제 잘 찍는 구마이 아기 예수님의 탄생을 리아와 함께 축하할 수 있음에 감사한 오늘 오늘도 엄마가 사랑해
3,문의됩니다 전혀 부담 없이 물어보셔도 괜찮습니다 문의 많이 주세요
3,타닥타닥 장작 소리
3,이마트 트레이더스 털었다 크리스마스는 가족과 함께
3,메리 크리스마스
3,올 한 해 코로나 때문에 여러 가지로 너무 힘들었는데 언니가 준비한
3,귀여미발
3,크리스마스 기념경주에 필로 그 펜션 초코 민트 힐링은 이런 거지
3,메리 크리스마스
3,메리 크리스마스 출근한 엄마를 위해 정성껏 준비한 우리 딸내미의 상차림 학기도 열심히 달려온 기특한 딸 한방에 과제 통과되고 교수님 칭찬에 좋아했던 그녀 내 사랑 듬직한 그녀 애썼다고 수고했다고 맛난 거 해줄까 했더니 몇 달 만의 시간이니 자기가 맛난 거 해준다고 처음 먹어본 감바스 말로만 보기만 했던 감바스 딸 덕분 겁나 맛있게 냠냠 폭립 함박과 일 거기에 빠질 수 없는 와인까지 오늘 행복 가득
3,힐링
3,우리 정미님이 사 주신 붕붕 하 온 전대 밖 재미나게 갖고 놀게요 고마워요
3,메리 크리스마스
3,꾸리스마스
3,메리 커플 크리스마스 자기 오늘 너무 재밌었고 행복했어내가 진짜 많이 사랑해
3,안녕하세요 크리스마스 잘 보내셨나요 전 아침 일찍 치악산 다녀왔어요 드디어 좌 성공했습니다 한 곳 한 곳 가다 보니 저도 어느새 좌를 했네요 비로봉 너무 추웠어요 얼어 죽을 뻔 자들 겨울 산행 가실 땐 따뜻하게 하고 안전산행하세요 행복하세요
3,조카들 오랜만 핸드폰에 빠졌음 사진을 잘 찍은 막내 언니 고마워요 잘 쓸게요 잘 먹었습니다
3,크리스마스는 육회와 함께 김에 싸 먹으면 참치 회 같네 육회는 레드와인이 지
3,올해크리스마스는행복한크리스마스엿당당구장도가궁페럿카페두가궁맥도날드도가서햄버거먹구기분안좋았는데신나게놀아서좋겟엉싸우지말장웃는모습많이보여줄겡머리연타로세번부딪침아프다
3,정말 오랜만에 메리 크리스마스 코로나 때문에 분위기 못 낸 건 아쉽지만 남들 쉴 때 쉬는 게 이렇게 큰 행복이라니 행복은 마음가짐에 따라오는 거 같아요 내 주위 사람들이 모두 행복했으면 좋겠다
3,애
3,미르마루 저녁 산책
3,소고기치킨와인막걸리소주우리집식구들끼리홈파티장난없쥬신년파티기대하라는우리부모님들이나한텐최고야사랑햇
3,저번에개통도와드린고객님이사주신딸기와크리스마스라고점장님께서사주신티라미슈랑쿠키혼자서냠고객님이돈이많은건가저번엔샤인머스켓도사주시고며칠전에도딸기사주셨는데요번에는딸기바구니로사오셔서같이일하는동생이랑하나씩이렇게보내는크리스마스도좋은것같앙
3,크리스마스 쿠키 만들기
3,결혼하고 첫 크리스마스
3,결혼하고오빠랑함께하는번째크리쑤마뚜행복행
3,이번 크리스마스는 가족과 홈 파티 화이트 와인 에스테이트 크랑 장어 배부름 더하고 차 전 시작해야지
3,크리스마스 날같이 있어줘서 고마워
3,맨날크리스마스면저케따엽고맛있는거맨날먹게요리시간하고사진안찍은바보나
3,어디나가지는못해집에서분위기내보리깅맛난거아직도냉장고에가득하다행복하군감사해용
3,가족들과 첨으로 보내는 크리스마스
3,크리스마스는 회사에서
3,클쑤마쑤올크리스마스는날위한날인듯나선물받음내가어린이인줄기뻐하는날보구신랑이그렇게좋냐며놀림조으다나이먹어슬퍼지려는디선물받고나이먹는건싹다잊음신경써준모든지인분들께감사말쑴드립니당행복한클쑤마쑤보내고이쪄욤방콕하며메리크리스마스
3,메리 크리스마스
3,민트 초코 그린 트레인 보우
3,일 년 전 오늘 메리 크리스마스 밍
3,메리 크리스마스
3,오예스
3,디두랑장사하쟈
3,해피 크리스마스
3,크리스마스
3,주문하길
3,즐거운 크리스마스 홈 파티 첨으로 만들어본 달고나 태워먹고 몇 번을 해도 성공을 못하네 안 해 먹어 삼각대가 없어서 같이 찍지도 못하고 대 환장 파티 낄낄낄
3,크리스마스 기분 내보세요 준비 크리스마스니까
3,우리 집집 순이들 이러다가 눈도 못 만져볼까 봐 해지기 전에 후다닥 놀이터에서 놀고 오기 엄청 춥지만 행복해하던 울 아기들
3,레몬소주보다 상큼한 울 아가들과 크리스마스 올해 크리스마스는 생각한 것과는 다르게 소소하게 보내야 하지만 그 안에서 특별히 보낼 수 있는 방법을 생각해본다 엄마 아빠랑 같이 보내는 것만으로 행복해해줘서 고마워 너희들이 생각한 것보다도 우리에겐 너희가 전부란다
3,하루 종일 행복한 윤하의 크리스마스 산타 할아버지가 윤하 잘 때 베란다로 들어오셔서 선물 다섯 개나 주고 가셨다니 산타 할아버지 고맙습니다 하고 함박웃음 지으며 하루 종일 새 장난감들과 노느라 밖에 안 나가도 행복 혼자 엄청 바쁨직에서 대게 키로나 먹었는데 사진 한 장 없고요 오빠가 끓인 대게 라면과 대게 볶음밥까지 폭풍 냠냠
3,쓸데없는 선물 주고받기 아내의 강아지 장난감 선물 우리 집에는 강아지가 없는데 왠지 모르게 기분이 좋다 내가 강아지인 건가 재미있게 가지고 놀아야지 멍멍
3,메리클쓰마쓰으응
3,크리스마스
3,메리 크리스마스
3,사진 찍는데 방해하는 이 사람 어쩌면 좋지
3,년 크리스마스 선물 산타 감사합니다
3,진짜 크리스마스 메리 크리스마스 우아하게
3,조이 년에 단 한 번밖에 없는 한 해를 마무리하는 크리스마스에는 연인들과 보내거나 친구들 가족들과 함께 시간 보내며 맛있는 음식들도 먹으며 여행도 가고 좋은 추억들을 만들고 좋은 시간을 보내는 모두 즐거운
3,크리스마스 기념 보드 게 임신 나 서방 탈출 시작했는데 아 안 해 그냥 먹기나 하자 크리스마스 시작
3,메리개리수마쓰유치원사장님이울송이위해챙겨쥬신개린이케이쿠유치원보내는재미지울개린이들모두메리클쓰마쓰
3,잘 꾸미고 잘 찍네
3,크리스마스날세식구잠시나들이지난주에이어신랑님바지산다고해서현대천호백화점가서층한브랜드에서만옷사서바로나와서천호완구거리가서살것만딱사서나옴일년여만의양꼬치훠궈무한리필집사람한명도없어서넘넘잘머꼬나옴이제구몬한글수업가자요
3,남자 셋이서 이브 보내는 법 어째 군대 전역하고 이맘때쯤 꼭 같이 있는 건 기분 탓이겠지 비 수송대대 분들 다 보고 싶습니다 연말이나 연초에 또 같이 보아요 다들 메리 크리스마스 방역 수칙을 철저히 지켰습니다
3,지수 모음
3,해피 크리스마스
3,좋은 사람에게만 좋은 사람이면 돼 좋은 사람 정말 좋은 사람 메리 크리스마스 화이트 크리스마스
3,아버지와 삼둥이들 산책
3,차이나 게이트 너무 맛나다 친절한 사장님
3,무제 출판사 살리는 일 리뷰 이벤트로 받은 굿즈 도착 크리스마스의 기적이네요 배우님 편집자님의 따듯한 손편지와 엽서 무지에 핀 버튼 배지 스티커 간식까지 푸짐한 선물 잘 받았습니다 박스까지 평생 보관할게요 코로나가 잠잠해지면 박소영 작가님 사인회도 열어주세요
3,우리 딸이 주는 크리스마스 선물
3,코로나 빨리 없어져서 방콕 그만하게 해다오
3,한적한 바닷가에서 사진 한 컷 루돌프 옷 입고 잠만 자는 우리 딸 우리 가족 메리 크리스마스 사랑해
3,집에서도 함께
3,콜라와 첫 만남
3,하이루방가방가또커피친구가탄생했어요반갑따커피친구야메리크리스마스
3,년을 보내면서 한 해를 정리하는 맘으로 올랐습니다 비록 일출은 못 보았지만 화이트 크리스마스에 상고대와 눈꽃은 축복이었습니다
3,메리 크리스마스 깜짝 선물 피아노 선율 너무 좋아요 크리스마스라서 연습실에서 보내주신 선물 노래도 보내주셨는데 올리지 못하는 아쉽음이 커요 아름다운 피아노 들으시면서 즐거운 연말 되세요
3,일상
3,월의 마지막 여행
3,회원님이 백화점 놀러 갔다가 옷보고 이뻐서 사 오셨다고 감동 먹은 날
3,유튜브영탁의불쑥좋아요구독알림설정불쑥불쑥사랑의콜센타불쑥뽕숭아학당불쑥커버곡영탁님을매주화금뿐만아니라영탁님의불쑥불쑥영상들을볼수있어행복하고사랑스런따뜻한공간일하다가힘들때탁오빠얼굴보고다시힘내기타기오빠의수만개의모습들안좋아할수가없탁울탁오빠의한줄메세지가힘이나게하네심쿵심쿵불쑥이들은탁오빠의가좋아용
3,수뽕숭아학당
3,오늘 비 내린 거 짧고 강했다
3,오늘은 엄마랑 쇼핑
3,커피하늘쉬는날마다콧바람쐬야일주일또버틴다뷰가멋진곳아인슈페너도맛나시간후면미스터트롯본방사수
3,마누라 고마워요 잘 쓸게 사랑해요
3,비도 오고 그래서
3,원에서 생일잔치한 날 하원 차에서 내리자마자 출장 갔다 오랜만에 본 아빠가 서있자 보자마자 아빠를 부르며 방방 뛰며 행복미소 그러 더 너 아빠한테 껌딱지 모드 집에 오자마자 한 아름 가득 받아온 선물 꾸러미를 뜯어보며 즐거운 우리 윤이 아빠도 오고 선물도 많이 받고 윤이 하루 종일 기분 최고 네
3,이제 내 차례
3,이모에게 선물 받은
3,휴가 끝 너무 예쁜 카페 너무 좋은데 다시 일상으로 돌아가야 되는구나
3,오랫만에명국찌커플만나서같이선운지구집도보고커피도한잔하고결혼하는거축하축하신혼여행따라가고싶네용유럽일이면오리가시간이안되닌께내년에그냥일본이나가야겠넹
3,일탈 흔쾌히 허락해준 신랑 고마워준 떠 잘 자고 있겠지
3,지난 일요일
3,신나고 즐거운
3,와우 등 당첨 오만 원 오만 원으로 뭐 하지
3,햇살 좋은 날 눈부시다 오늘
3,친구들이랑
3,햇살좋은오늘오빠랑뎃투
3,불꽃놀이 가기 전에
3,오늘도 기뻐하는 셋
3,늦은 메리 크리스마스 어디 나가지도 못하니 집에서 스콘만 들면서 노는 우리 둘
3,오랜만에 업로드 년 크리스마스 캠핑여행
3,우리 하랑이 콧물이 나와서 병원 다녀오기 다행히 기관지 이상 없고 열도 안 나고 콧물약만 일치 받아서 집으로 안전귀가 병원에서도 애교쟁이 선생님들 보고 애교 잔뜩 부리고 울지도 않고 우리 아기 이렇게 사람 좋아하는데 나가지도 못하고 엄마가 미안 코로나 너무해
3,승 아해 성해 승이 커플
3,오빠 오늘도 잘 다녀 왕 저 큰 가방을 자기가 꼭 메겠다며
3,월 일 오빠랑 드라이브하며 드디어가보고 싶은 오쿠야 마치가 봄
3,시간 참 빠르다 벌써 너와 크리스마스를 맞이하다니 다들 즐겁고 안전한 크리스마스 보내세요
3,여자친구가 감바스 먹고 싶다고 해서 감바스 해준 남자친구 좋다 좋다
3,요즘내피드는럽스타그램코로나때문에나가지를못하니최근에찍은사진이하나두없네
3,미쳐 따고 색감 바라구 양털 베스트
3,크리스마스도지나갔고일부터일까지기절한건안비밀한주또일하면일쉬네요다사다난했던년마지막한주화이팅하시기바랍니다무료배송개구매시천원할인양털베스트포켓주머니포인트로인해코디귀여움추가호키기모맨투맨오버핏컬러별로색감와방힙하게커플룩으로기모청카고단허리밴딩츄리닝같아요기모소재로따뜻합니다
3,굿모닝 비몽사몽 서로 괴롭히기 월 마지막 주 잘 지내 보자 단 아
3,헝감동이야진짜이렇게오랜시간쏭쏭을만날수있는건선물같은일이야아침부터감동을주다니너무고마워
3,행복한 힐링여행
3,강원평창군대관령면꽃밭양지길귀가깨질듯이아플만큼추운곳귀마개필수양방목은못해서아쉽지만차를타고올라가서아름다운풍경을볼수있는멋진곳추위에벌벌떨면서구경했지만행복어우추워힐링
3,여수 밤바다 노을 진 저녁 아름다움이 느껴지네요 네 여기서 한 뒤 옹 님께서 노래 신청하셨네요 듣고 갈게요 장범준의 여수 밤바다
3,어제몸보신하자구백숙도사주시는쫑백숙먹구나서이제추워진다구이뿐꼬까옷선물도주고넌정말
3,윤재 목욕하는 날 목욕 담당은 내가 그 뒤는 우리 와이프가 와이프가 윤재 사진을 자주 찍어서 폰을 들이대면 또렷이 쳐다본다 아빠라는 이유 하나로 윤재한테 먼가 해 줄 수 있다는 게 너무 좋다 우리 가족 사랑한다
3,결국이혈관청소가빠른다이어트의지름길보기만해도속이뻥몸망가지고요요로몸이무리만가는다이어트만존재한다고생각하시나요건강한몸을만들어야다이어트도가능하답니닷그러기위해선지방이몸밖으로빠져나가는길인혈관혈액림프청소가선택아닌필수천연유기농허브로만만들어진제품이라딸기먹구샐러드먹는거랑똑같다구욧빠른문의는카카오달별코치검색해세요
3,우리 신랑 아침 싸주기 민경이가 선물해준 샌드위치 메이커로 우리 여보랑 팀원들 아침 샌드위치 만들기
3,누나가 아빠랑 키즈카페 간 동안 엄마품에서 꿀잠 잤더니 얼굴에 단추 자국이
3,히히 뒤늦게 생각났지 이코로나 나아지면 해외가 자
3,잊을만하면올리는영상헿
3,다음에는국사봉렛츠기릿
3,예쁜꽃다영이꺼
3,두 번째 크리스마스
3,크리스마스 기념으로 여자친구가 만든 가랜드와 커플 잠옷을 입고 사진도 찍고 재밌게 놀았다
3,즐거운 크리스마스 해리 포터 보기
3,이거 좋네
3,게으른 사람의 소소한 일기 크리스마스 날 어김없이 그녀와 함께 처음으로 함께 보내는 크리스마스이기에 더욱 특별한 시간이었다 역시 마무리는 술과 함께 그렇게 이틀이 지나 또 함께 시간을 보내었다 그녀를 만나러 가는 날은 어쩜 이리 하늘이 맑은지 너무 이쁜 하늘을 보며 그것보다 비교도 안되게 이쁜 그녀와 함께 어쩌다 보니 신작 영화가 나오면 그 영화를 거의 다보는 것 같다 오늘은 원더우먼이 새로 나왔길래 보러 갔다 감상평은 이쁘다 그렇게 영화를 다 본 후에는 역시 보드게임카페로 오늘도 졌다 이길 수 없다 함께 보내는 시간 너무 소중하고 아름다운 기억뿐이다 그런 그녀에게 더 잘해야겠다 오늘도 많이 사랑해
3,커플티
3,우리 공주
3,크리스마스홈파티와더불어리니와함께한먹방행렬코로나때문에외식은못하지만함께하는시간자체가즐거우면된거겠지보름이와달이도함께했지만포토타임은다음기회에
3,어느덧 주년 오랜만에 가본 경복궁 아주 좋았다 수빈이랑 가니 더욱 년 동안 정말 감사합니다 앞으로도 잘 부탁해요 사랑해
3,재밌었다
3,크리스미스연휴마지막날데이뚜담주에봐따룽새해에는모할까욤
3,우리 첫 크리스마스 참 행복한 이브였습니다
3,요즘 오빠 바빠서 잘 만나지도 못했는데 이렇게 직접 뜨개질하면서 선물해 줘서 너무 고맙고 미안해 앞으로 이쁘게 따시게 잘 착용할 게 고맙고 사랑해
3,상담을하다보면셀룰라이트고민인분들을너무쉽게만나볼수있어요셀룰라이트는지방의무덤이라고하죠지긋지긋하게안없어지고몸매라인파괴의주범인울룩불룩셀룰들밀어주고풀어주고마사지해주는것도중요하지만그것보다더중요한건지방을잘해독되는몸으로바꿔주고순환이따뜻하게잘돌아가게끔만해주면빠르게변화하는몸을발견하실수있답니다안그래도예쁜몸매인고객님일의기적후라인변화만족도문의는카카오달별코치시너지검색
3,인스턴트 팟은 못하는 게 없지 요수육이 분 만에 되는데 너무 좋아요 배불리 먹은 저녁상 즐거운 우리 아가들
3,누구 남자친구인지 참 잘생겼다 주륵
3,함께한 번째 크리스마스 그리고 우리대 마지막 크리스마스
3,내가 진짜 진짜 말하고 싶었는데 끝까지 참았어 근데 진짜 다행이다 내가 생각했던 것보다 원이가 너무 좋아해 줘서 암튼 원아 우리 신발 진짜 이쁘게 신고 다니자
3,메리 크리스마스 민혜야
3,사랑이 넘치는 밥상 소고기 스테이크 샐러드 찹스테이크 버터 새우구이
3,어지니랑 생일 챙기기
3,봐도봐도보고싶은내사랑머리매일고대기하라는여봉스꼬불머리가이뿌단당
3,내 마지막 휴일 이렀게 끝나다니
3,주말 데이트 마스크 언제 벗지
3,사랑하는 공주님 사진 잘 찍어줘서 고마워요
3,벌써 여기 집 온 지 딱 년이 다 시작을 같이 보낸 수민아 너무 고맙고 사랑해요 여기 양 꼬치 맛있었는데 사라져서 아쉽다 내년 이사 갈 때도 같이 가자
3,오랜만에 외식
3,커플템장착
3,크리스마스 너무 행복했다 선물 고마워요
3,앞만 보고 달려 여긴 소돔
3,속초 우디 카페에서 너무나도 좋았어요 어디 갈지 정하다가 애견 동반 카페로 가서 재밌고 행복하게 잘 있다 왔답니다
3,남녀 공용
3,부산신혼여행일차체크인할때호텔에서소원카드작성하여로비에달아놓는게있다해서숙소에서소원작성완료내일로비에달아놔야지꾸불꾸불지렁이글씨로정성스럽게쓴남편카드너무귀요미근데소원작성하라니까나한테편지써버린남편그래도내일같이달아놓쟝운전하느랴고생했어남편
3,크리스마스 연휴는 집에서
3,오너스횐님차넘나이쁜것
3,양 갈래 너무 사랑스럽고 귀여워내 것
3,너의 품은 언제나 포근해
3,쩡산타의선물쩔었다
3,즐거운 연말
3,몸이 아파서 수프 먹고 싶다고 했는데 저게 원짜리 수프다 하하하 그래도 뭐 어쩔 수 없이 잘 먹었다
3,피자사줄남치니를소환하겠다주말인데일나갔으니칼퇴하고얼른와주겠니옴청옴청예뻐해줄께
3,이틀 동안 열심히 술 먹기 크리스마스 연말 파티
3,짧은 머리 검정 뿔테
3,미술놀이할까 말하자마자 좋아 좋아 소열이가 좋으면 엄마도 다 좋아
3,사랑 가득 담아 만들었는데 맛나게 먹어줘서 나도 행복축하해 사랑해 사랑 뚱
3,크리스마스 무슨 포즈를 해야 할지 몰라서 다리 긴 예승이
3,내가 이상해서 안 올리려 했는데 찬 이가 너무 귀여운 나머지 올린다 너무 귀여운
3,너무 귀엽고 예쁘다
3,맑고 청아한 신부님이 꿈꾸던 그런 느낌이 드레스를 입고 정말로 행복해하던 그녀
3,보내는 사랑해
3,하루 중니가 웃는 횟수만큼 이 세상도 딱 그만큼만 예뻐
3,귤 귤 귤 만족스러운 사진은 없지만 힐링 했다 첫 번째는 사장님이 무료로 찍어주신 스냅사진
3,항상 미안하고 사랑해
3,메리크리쮸마뜌
3,코나여리랑함깨한패브릭재밌는홈영상도함께넘넘좋아하는리지작가님그림역시이번에도넘넘이쁘다특히내가아닌나처럼삼냥이그림도깜짝선물로그려주시구엽서까지만들어서보내주셨다능갬동그림에모습처럼삼냥이랑도찰칵다같이찍기어려웠지만코니내려가고싶은데자꾸안아서짜증냄
3,비오는날몃달만세상행복단거먹고싶어서하필기분전환은했어다행이다사람이없어서포장안하고먹고왔슈또열심히일해야지
3,매 순간 오늘이 마지막인 것처럼
3,선물은마다해도먹을건절대로마다하지않는여자와의현명한크리스마스보내는방법한손에딸기개정도는꽃아주어야줘끊기지않는회전율
3,능내역 설레는 날 너의 곁에
3,오빠는 좋겠다 부추전 먹고 싶다고 바로 이렇게 해주는 와이프가 있어서
3,내 이쁜 아가 파이팅
3,무지개 풍선
3,이번연휴는휴식앤먹방
3,항렬이 크리스마스 선물 사주러 잠깐 외출해서 이쁜 운동화 사 줬다 이쁘게 잘 신고 다녀야 해 그리고 신포동에 새로 생긴 양 갈비 집을 발견해서 먹었는데 가격도 괜찮고 맛도 있었다 다음에 또 가야 징
3,미리 챙겨줘서 감사합니다 내 사랑 도희 내가 더 잘할게요
3,첫 크리스마스 그리고 의미 있었던 크리스마스 이제부터 예비신랑 항상 사랑합니다
3,늦게 올려서 미안해요 우리의 번째 크리스마스네 너무너무 행복하고 항상 고맙고 사랑해요
3,내 옷만 져봐 어때 남자친구 감으로 만든 건데
3,원경이랑 보낸 첫 번째 크리스마스
3,웅자갸나둥아이궁글씨도예뻐요
3,오늘도 행복해 너와
3,예쁘게 잘 찍어줘서 고마워 보정은 내 몫이야
3,출출한 오후 저희 곰곰 커플의 결정 처갓집 골드 슈림프 치킨 맛있습니다 즐거운 오후 되세요
3,정선여행 꿀 잼
3,통영바다는 언제나 아름다워 딱 바다 빛 금 쪽으로 바뀔 때 바다 산책로 산책하면 딱 굿 사진 장소는 통영 수륙해수욕장이랍니다 요기 자전거 빌려서 산책하시는 거 추천해드려요 예쁜 사진 잘 간직하세요
3,어쩌다 보니 커플룩
3,홍가 리비 대 하나는 행운아였어 흐흐 시분에 소래포구 도착해서 수족관 소독하고 있던 딱한 곳분만에 바로 사자마자 후다닥 차 타고 집으로 와서
3,커피는 바닐라라 떼지
3,크리스마스 여행 덕윤이랑 즐거운 크리스마스 여행기
3,일요일이라고 늦잠을 잤다 생얼이다 사진을 찍으니 예쁘게 나왔다 올려본다
3,요미 왕 와 이터널 레일바이크 탔는데 너무 힘들다 왜 탄 거지
3,최애
3,금남친이랑단둘이준비하고단둘이꾸미고단둘이촬영하였습니다마지막남은선물배달은내꺼야
3,시어머님 표소 불고기 내가 버섯 안 먹으니까 버섯 안 넣어주셨다
3,일 동안 행복
3,바다 보러가고 싶다고 드라이브 가고 싶다고 말했더니 진짜 데려가 주는 내 남자친구 라이터로 뭘 끄적이더니 귀여운 짓 하는
3,자기 승선 보낸 지 딱 주되었네 나한테는 첫 배여서 이렇게 떨어져 본 적이 없어서 걱정이 많았는데 잘 지낸 것 같아 초반에 많이 울긴 했지만 장거리 롱 디는 내 인생에 없을 줄 알았는데 오빠라는 사람 만나서 그런지 사랑의 힘이 대단하다고 생각이 들어오글거리지만 진심 임시 차가 너무 나서 적응해야겠다 밤낮이 바뀌다 보니 연락도 잘 안될 테지만 노력해줘서 고마워 항상 하루하루 이뻐해 줘서 고맙고 내가 어떤지는 택배 보낼 때 쓴 편지들 봐 매 진심은 다 거기에 적어놨어 일하랴 나 신경 쓰랴 내 남자친구 바쁘다 가끔 자유시간이나 혼자 있고 싶은 날은 말해줘 사람들한테 치이다 보면 아무것도 하기 싫은 날 있잖아먼가 자기는 그런 날에도 나랑 연락할 것 같지만 코로나가 빨리 종식되면 얼마나 좋을까 자기도 몸조리 잘하고 밥 잘 챙겨 먹고 아프면 안 된다 오늘 하루도 수고했고 여전히 많이 사랑해 승선
3,화투를 배워보았다
3,지원이는오빠랑판박이라고생각했는데내돌사진이랑닮은거보고빵터짐몬나니두명피부색만다를뿐
3,좋구먼
3,봉추찜닭 찾아 삼만 리 웨스턴돔 미로 찾기
3,메리 크리스마스
3,욱이와 함께하는 청산도 여행 마스크는 사진 찍는 몇 초만 뺐어요
3,표정이왜구뤱
3,정동진 여행 정동진 썬크루즈와 비치 크루즈의 좋은 점 썬크루즈 방향에 전망대부터 조각공원 포토존이 가득하다 호텔 투숙객이 아닌 사람들도 많이 들렸다가는 곳이라 입장료가 있음 호텔 이용 시 무료 퇴실하고 구경했다 들리길 잘한 듯 경치가 너무 좋아
3,귀염뽀짝인생네컷쬭
3,정동진 비치 크루즈 연휴 동안 여행 사진 다 올려야지
3,뼝우가사준천일선물조금일찍사준천일선물너무고마워요오빠랑년이라는시간을만나면서너무행복해나생각해서쭈뻣쭈뻣가게들어가서골랐을병우생각하니깐너무사랑스럽다잘들고다닐께용완전내마음에찰떡이야완전맘에들옹일날경주놀러가서재밌게놀자아아아아아오빠라는사람이내옆에함께걸어줘서항상든든하고너무행복해항상사랑하구나의모든모습을사랑해줘서고마웡나도오빠의항상든든한편이되어줄께사랑해배뼝우
3,푸름이가나보러와준날그밤길에무서운서울길을용감하게뜛고찾아와줘서너무고마웠어같이얘기도나누다가고많이보고싶었었는데잠깐이라도봐서너무좋았어요
3,데이트한다고 푸름이랑 만났는데 이런저런 일로 아무것도 못하다가 애슐리 가서 밥 먹은 날 저 사진이 처음으로 둘이서 같이 찍은 사진이라지
3,크리스마스 날 오빠랑 보내야 되는데 친구들과 과음해서 죽을뻔한 날
3,이쁜 뷰에 꼼지락거리는 발 얹어보기
3,지수랑 함께 행복한 하루
3,고스톱 알지 못하는 우린 같은 그림 맞춰서 카드 개수 많은 사람이 이기는 걸로
3,정동진여행겨울바다를아침점심저녁으로만끽하고옴다음날아침되니전날보다추워지고바람이많이불기시작파도도높아져서원래가려던곳은막혀버렸다아쉽여름바다보다겨울바다가확실히더예쁘다
3,얼청담주변을맛집을찾아잭슨피자를시켜보았다그것도라지로한가지맛만먹으면질릴꺼같아반반을했는데짠맛이있긴했지만도우랑치즈가너무맛있어서둘이반판씩다먹어버렸다피맥하기딱좋은피자그리고틈새라면으로마무리우리돼진가싶었다너무피곤하고
3,클뜨마뜨호캉스예수탄신일기념할꺼면우리석가형탄신일도
3,수민이랑 여수야 경
3,주년 기념 꽃
3,행복을 채워간 지 일
3,따뜻한 연말
3,수민이랑 호빵이랑 보낸 크리스마스 여수 여행 여기 와플 맛있었다
3,안녕 살의 크리스마스야 살은 아직 귀여워 보이고 싶은 나이
3,크리스마스
3,어디 봐 공주
3,오늘 하루 기록
3,돌아오는 길에 날씨 좋음
3,엄마 아빠 누나 중에서 누가 제일 좋냐는 질문에 우리 엄마가 제일 좋아 대답하는 재얼이 흥이 그럼 누나는 안 좋아 설 예의 물음에 내가 얼마나 누나를 사랑하는데 이게 바로 사랑이야 사랑
3,해피 메리 크리스마스
3,우리의 크리스마스와 일 너무나 축하해 잉크로나 때문에 힘들지만 올해 너무나 행복해 항상 다정하고 사랑스러운 울 오빠 일이 어떻게 간 지 모르겠지만 사랑하고 내년에도 잘 부다가 행
3,누가 봐도 새 잠옷
3,메리 크리스 마스크
3,너무나도 행복했던 크리스마스 행복한 추억 하나 감사합니다
3,배고파서 빵 먹어요
3,연애를 해서 행복한 게 아니라 너랑 연애해서 행복한 거야
3,멜크 내 사랑 혜린
3,남편과 미용실 가기
3,소박하고 조촐하지만 좋아해 줘서 고맙구려 메리 크리스마스
3,울산에서 크리스마스 행복해
3,추억 팔이 나의 에너지가 떨어지지 않길
3,대 마지막 주말을 내 님과 함께 시원하게 보내는 법
3,서유니버킷리스트아쿠아리움가기달성
3,올 한 해 힘들었지 내년엔 비단길이 열릴 것이야
3,풍경이 다했다
3,신행마지막날카트타고날아다니기마지막날만찬은최대한즐기기코로나피해서최대한사람없는곳돌아다니기어쩔수없는신행이기에최대한피해다니기사람없어서그나마다행중다행
3,이번크리스마스는소소한집콕소소하게술상으로오빠랑도굴영화보면서뇸뇸이시간이음층좋당
3,월일크리스마스빨간날이고저번에식객허영만의백반기행방송에나와서그런가손님들이많았다가게일도와주고저녁에는회대게홍게조개찜에한잔
3,햄 보고했던 크리스마스 집에 갈 때까지 놓을 수 없던 화투 패
3,신행 일차 성산 일출봉 올라가기 코로나 피해서 최대한 사람 없는 곳 돌아다니기 어쩔 수 없는 신행이기에 최대한 피해 다니기 사람 없어서 그나마 다행 중 다행이게 신행 맞는 거야 알 오욕 나와
3,인생 첫
3,함께하는 순간
3,언제 자고야 전혀 잘 생각이 없어 보이는구먼그래 어디 신나게 놀아보자
3,크리스마스 다음날 데이트라니 그래도 좋아 코로나 사라지면 많이 놀러 다니자
3,사랑해
3,크리스마스 뭐 별거 있냐 맛있는 거 먹고 좋은 사람이랑 있으면 되는 거지
3,크리스마스이브 데이트 피곤했을 텐데 대구까지 와줘서 정말 고마워 사랑해
3,내년이면 발 써 년 시간 정말 빠르고 빨리 간다 내년에도 잘 부탁해
3,이 맛있는 걸 왜 이제서야 맛본 건지 한두 번 가는 강릉도 아니었거늘 하아 직도 탱글탱글한 꼬막 맛을 잊지 못하겠다
3,너와 함께해서 행복해 매일 아파서 골골거리는 나를 많이 챙겨주고 사랑해줘서 고마워요
3,크리스마스는 지났지만 메리 크리스마스 이번 크리스마스는 소박하게 피시방에서
3,궐동 미용실 구월동 미용실 가서 민주니 클리닉도 하구 머리도 예쁘게 하구 이날 페북에 소고기 무한리필 집 광고 보고 부천에 갔다가 역시는 믿을 게 못 되는 거구나 하구 후회하며 이날의 데이트는 끝이 났다 그래도 재밌었다
3,요 며칟날 힘들게 한 남자 그래도 사랑해
3,광이랑 크리스마스 홈파 튀 음식 만들어 먹고 담 날 또마 씻는 거 먹으러 가기
3,창원 상남동 맛 집 신주 양 꼬치 창원 가서 밥을 딱 한 끼만 먹고 와야 한다면 두말할 것 없이 여기가 서양 꼬치와 꿔 바로 우를 시켜 먹을 것 같다 특히 꿔 바로 우는 쫄깃한 식감에 과하지 않은 달콤한 맛을 가지고 있다양 꼬치 또한 질리지 않고 계속 손이 가는 맛이다
3,짝꿍이랑 번째 함께하는 크리스마스
3,남해금산 산장 그대와 있어서 더 아름다운 오늘이었습니다 따스한 햇빛 밑에서 그녀의 코를 보니 더욱 설레네요 콧속을 들여다보고 싶어 요금산 산장 아름다운 연인과 함께 가면 좋은 사진이 나올 것이라 장담하는 이곳 커플들끼리 놀러 가 보아요 동영상 브금 주의
3,퇴근하고 왔더니 힘없어 보인다고 밥 차려주는 어보 항상 고맙다 아앙 늦었지만 다들 메리 크리스마스
3,메리 꾸리 수마 수
3,크리스마스 연말 파티 너무너무 재밌었고 일 때문에 졸았던 게 너무 아쉬워
3,여자친구랑 사천에서
3,번째크리스마스섹시산타할배와핫산타걸캠핑으로마무리
3,생일 축하해 우리 영서 파주
3,코로나 때문에 돌아다니지도 못하고 안에서 잔뜩 먹기만 했지만 얘기도 많이 하고 진짜로 즐거웠다
3,여자친구랑 같이 요리
3,이번 크리스마스는 이사하면서 정리하다 다 끝난 듯
3,사진 찍을 때 조금이나마 자연스러워진
3,소박한 듯 안 소박한 일
3,나에게 왔구나
3,너 생각하며 만든 것이야
3,학부모로써산타복장을하고도영이크리스마스선물을주는날이오다니예상했던것처럼도영이는아비를알아보지못하고무서운듯이울었다어린이집어린이들중유일하게머쓱타드가족들끼리케익도먹고루돌프옷을입혔더니꾸벅꾸벅졸다가잠들은도돌프요새윤하가해준밥도두그릇씩야무지게먹고말도많아지고애교도많아진우리도영쓰귀엽고사랑스럽장인어른장모님이사주신도영이크리스마스선물그네그리고윤하가사준마이퍼스트북다만족해하고좋아하는것같아기분이좋다행복이뭐있나그냥이렇게우리가족서로안고있으면그게행복이지코로나아녔음선물도사러가고했을텐데보너스도두둑히받았겠다흠다음을기약해야겠구먼무튼우리가족의따뜻한연말행복한하루
3,크리스마스 철판요리
3,오빠랑하루늦은클쓰마쓰보내기와인입문자는달달한거로시작해봅니다와인잔은원장님이주신잔
3,살면서 손꼽게 즐거웠던 메리 크리스마스
3,멍텅구리 우진이랑 크리스마스 끝
3,아빠가크리스마스선물도사줬는데여전히먹기싫은포도는아빠입에쉬지않고넣어주는효자꼼지락꼼지락아수크림도만들고절대케익처럼은안보이는케익도만들어서소듕하게들고다닌다잘때가제일아니잘때도예쁜내사랑김서진이
3,쿠쿠쿠리스마스동혁이잉이따랑해히히히히후루맇언넝놀러가자아가천대인싸님
3,오랜만에외출하니까또마스크뜯어내고입움직여서턱스크만들기스킬까지시전하는김서진이그래도오늘은날이많이춥지않아서한시간넘게뛰놀고들어왔다
3,오늘의 부케 참 고급 지고 깔끔한 이미지를 가진 그녀의 손에 예쁘게 들려진 연보랏빛 부케
3,이쁜이랑 경주에서 메리 크리스마스
3,고마워 사랑해
3,뭐라 올릴지 모르겠어
3,너와 맞이하는 두 번째
3,크리스마스 데이트
3,매일 사진 찍고 싶은데 이쁜 옷 입을 날 언제 만들어줘
3,만약에 내가 없어지면 어떻게 할 거야 출처 동상이몽
3,크리스마스이브 오늘은 오늘은 오늘은 우리 연봉이랑
3,서비스 푸짐
3,엄마와 우산이라도 가자는 그녀
3,행복한 크리스마스
3,크리스마스 선물 받았다
3,함께하는 두 번째 크리스마스
3,크리쑤마쑤
3,메리 크리스마스가 지났다
3,허못난이
3,더 웃고 더 행복해요 우리 같이의 가치
3,세상 예쁜 산타랑 메리 크리스마스
3,끝나지 않는 크리스마스 파티
3,연말 마무리도 너와
3,비타민
3,정동진 비치 크루즈 룸 컨디션 완전 맘에 듦 썬크루즈와 별도로 분리되어 있을 층 연결통로로 이동 가능 베드인데 넓어서 좋다 강릉 세인트존스보다 개인적으로 여기가 더 맘에 듦 인피니티 풀만 보면 거기가 나을 순 있지만
3,내 어떤 모습이든 이뻐해 주는 네가 최고
3,크리스마스
3,그냥 아무 생각 없이 찍은 사진
3,메리 크리스마스
3,메리 크리스마스
3,메리 크리스마스 언제 또 볼지 몰라
3,레드 장미 하트하트
3,내 짝꿍 생일 겸 크리스마스
3,그래도 크리스마스니깐 꽃은 있어야지 행복함을 느낀 하루 디저트 안 먹고 갔으면 후회할뻔한 하루
3,연도 늘 행복하고 설렘 가득했네 한 해의 마지막 달 마무리 잘 짓고 내년에도 행복하게 보내자
3,행복했던 크리스마스
3,그녀와 함께 여행 일차
3,좋았었던 그날
3,메리 크리스마스
3,함께 보내는 첫 크리스마스
0,우리 둘 몹시 매우 화났을 때
0,이 정도면 미즈 캠인가 마지막 피칭을 갑자기 급으로 떠난 꽁꽁 언 땅에 하필 리어카로 이동하는 곳에 하필 밤에 피칭한 탓에 이 모든 것이 첨이였던 나는 젤 엉망 핏을 내가 봉이에게 선물하다 캐빈 와이드냐 로젠이냐 그래도 눈이 와서 다행이다
0,술 안 먹고 일집일 집하고 지난주엔 쉬는 날 반납하고 외부진료소에서 두 시간 떨며 검사까지 받아 음성 떴는데 의심 환자와 근무지가 겹칠 줄은 올해는 크리스마스 선물로 자가 격리를 받았다 그러므로 중국이 멸망하길 바라본다
0,그렇게 좋냐 진짜 본인 수준에도 안 맞고 더럽게 비싼 돈이 너무 아까운 물건인데 두세 달을 노래 불러서 사줄 수밖에 없었다 너무너무 좋아한다 그럼 됐다
0,지겹게 손실만 보고 있다 장 시작하자마자 어제 차고 온 종가 베팅 종목들 하락하여 손절 그렇게 주씩만 매매하자고 다짐했으면서 손실을 메우겠다고 물량 싣고 매수 후 또 손절 그리고 또 손절 손실만 보는 형편없는 내 실력이 답답하고 다짐을 또 어기는 나 자신에 화가 난다 어떻게 해야 좋을까
0,자꾸 건드리지 나돈 터 치미
0,세상이 화병이 난 걸까
0,주만에 외출인데 겨우 수성구 집 가서 김치 가져오고 빵집 갔는데 사람 많아서 그냥 와버렸네요 코로나 확진자가 천명이 넘는데 나만 집에 있었던 건가 봐요 여전히 사람이 많네요 우린 주만에 나온 건데 헐
0,집사님들 루크가 화났어요 집사가 안 놀아준 다아 그 작 와그작
0,점점 예전이 그리워지고 있어 언제쯤 이렇게 활짝 웃으며 자유롭게 다닐 수 있을까 마스크 없이 놀러 다닐 수 있을까 가능은 한 거니
0,치과치료받고 온 시온 엄청 화났다 사진도 못 찍게 하는 중 미안해요 시온
0,생떼 요정에 살 되려고 그런지 요즘 너무 밉다 청개구리처럼 행동하는 너그만 하자 그럼 안 돼
0,수도관이얼었다가게로차가질러왔다가물안틀어봤으면큰일날뻔어뜨케지금틀수있는난방기구다틀어놓구녹이는중나오늘여기서밤샐각눙물난다증말
0,지금 난 엄청 놀라 뺨 맞은 기분이 다 완벽해 내 표정 망한 날엔 치킨을
0,단아 할머니 생신 축하드리고 왔다 배달로 케이크 시켰더니 망가져서 다시 가져다 주심 다시는 배달 안 할 거다 가락국수면 남은 걸로 다시 짜장면 줬더니 포크로 잘 먹는다 내일 해가 서쪽에서 양말 직접 신겠다고 시도하더니 안 되니까 집어던진다 화장실에서 보고 있는 엄마 확대해서 찍었더니 화질 망
0,현생 첫눈 눈이 다 녹아 바닥에는 없게 눈을 좋아할 거라 생각한 나의 착각을 깨준 만두는
0,아침일찍부터슈퍼털고오기오늘의유일한외출오늘은집콕하쟈
0,오늘 기사로 접한
0,코로나왜이래원래도집콕이지만이제애들도같이집콕학교는전교생온라인수업유치원은조기방학년은이렇게가는구만
0,원더 윅스 끝난 건가 방심했더니 낮잠 총 시간 이제서야 육태 시켜주는 아들 근데 잠들기 전에 먹은 거 다 토해서 아마 시쯤 밥 달라고 할 듯 괜찮아아들 엄마 안 자고 기다릴게 잘 자고 맘마 먹자
0,뚜비입씰룩이귀여워서계속장난쳤더닠엄마손을찢을듯이긁는구나아라써이제안하께
0,아 진짜 나 오늘 너무 화났어
0,한동안 울 집 짱구 아프지 않았는데 갑작스러운 코감기 열연 도 긴 침은 밤새도록 진짜 속상하다 짱구가 힘이 없네 아프지 말자
0,영상 보고 심장이 벌렁벌렁거림 악마를 보았다 사이코패스 소시오패스 단어가 어울리는 것들 영상을 보면 낄낄 거리 고쳐 웃는 모습을 보면 완전 소름 돋는다 월요일 대한 수의사협회 전화해야겠다 이건 가만히 보고 있을 수가 없네 계속 민원이라도 넣어야지 욕도 아까운 것들 저런 거 보고 아이들 맡기겠냐고 머리가 하얘진다 너무 충격적이다 이건 있어서도 안되지만 있을 수 없는 일이다 주인분 가면 영상 보실 수 있어요
0,송유 안일 송유 준일 집에만 있는 게 너무 답답했던 유 아니 사탕 하나만 사러 나가자는데 안쓰럽나도 엄청 춥고 코로나 더 난리고 코로나로 아주 엉망진창이지만 사탕 두 개에 유아니는 찐 행복하기
0,예상은 했는데 내가 어떻게 예매했는데
0,살쪄서안먹겟다고다짐햇지만스트뤠쓰
0,간식으로배줫드만단물만먹고나란히도집어던져놧네귀여운시끼들
0,어중간한 시간에 가면 맛 집은 항상 브레이크 타임
0,커피는 당분간 집에서 나의 힐링은 카페서 음악과 커피와 보내는 낙이였는데
0,욕심쟁이 김도 노리 먹지도 않을 거면서 귤 까 달라고 하고 바나나가 달라고 하고 붕어빵에 떡에 우유에 오늘 저녁밥 안 먹을 거니 딱한 입씩 먹고 돌아서는 차도 난 후 아
0,젠장 해킹당하고 만 원 나쁜 새끼 다들 조심하세요
0,올해도조용한분위기로클수준비작년에아가씨가보내준이쁜벽트리한번해봤다고스팀다리미로싸싹주름펴주고이번엔세팅이손에익었구먼세팅도와준지율이와한장
0,월요일 낼부터 아빠 못 나가니까 오늘은 꼭 나가줘야지
0,일찍 일어나야 해
0,아무거나 미니 캔들
0,고객님 털갈이 중이시잖아요 방금 빨래했는데
0,아너무하네진짴인스타음식사진들보면먹고싶어서빡친다니까바로사진보내주네안티냐
0,오늘의 기분은 동화를 읽으며 감정 공유하기 쓱쓱 그린 눈으로 감정을 읽어보고 붙여보자 눈으로 감정을 표현하라니 돋보기로 눈을 자세히 잘 보여주는 너희들
0,산책만 한다 했잖아요
0,화가 잔뜩 나버린 덩어리
0,어제 서유네가 직접 만든 머리띠 쓰고 파주
0,월 일은 토리 씨 생일 생일모자를 쓰는 순간 그분은 분노하셨지
0,오늘은 큰맘 먹고 이곳에 가서 마지막 가을을 느껴보려고 했는데 가을의 돌담길도 걷고 커피도 마시고 해보려 했는데 어제저녁 뉴스를 보는데 집회를 하신다고 해서 포기하고 집에 있으렵니다
0,브래그 캡슐 뽑기 아진 쫘볼 오지에 안쳐 나오네
0,축이 아빠 판다 엄마 러키
0,회사 여직원 챙기면서 덤으로 샀다며 준다 덤으로 닭볶음탕 해내라며 일거리도 준다
0,마마 무 노래는 언제 불러도 신난다
0,그나마 있던 창원 행사 캔슬
0,마스크 없던 작년이 너무 그립구먼 하루 지났는데 답답
0,어서 이것을 떠보고 싶다 청소업체도 영구 이사도 해결해야 할 일들이 너무 많다
0,아놔
0,우리 숍에 장기 호텔 투숙객 루비 그런데 오늘 데리러 온다 했는데 왜 보호자님 전화 안 받으시나요 저희 스팸처리하신 건가요 보호소에서 입양하시곤 또 그러시는 건 아니죠 루비야 이모가 내일도 고구마 말랭이 가져다줄게
0,내가 찍은 사진 이쁘다고 따라 하기라더니 정작 내가 찍은 것보담 더 잘 찍었네 역시 작가님이시단 건가 근데 사진 왜 잘렸냐
0,아침부터말디럽게안드시는분화가부글부글끓었다는시반인디자켓안입어서화딱지나는줄다행이도둘다해서시안으로등원마침조금만더일찍가줄래
0,개망햇따내쪼끼내놔회사이모가세탁기돌려도괜찮다고해서돌렸는데이렇케됬엉오늘부러내쪼끼는세상을마감했네요마음이아포
0,내가 바닥에 앉 으면 안된다고 했지 우리 딸 왜 이렇게 못됐나요
0,리세가가 높지 않으니 구매도 안 하는구나 진짜 화가 났다 화가 나
0,한국사 영어 단어 사자성어 완료 오늘은 강의가 좀 밀려 있는 한국사 만들었네고 동시대하고 있는데 점점 화가다들 금요일 하루도 고생 많으셨어요 감기 조심해야 하는 계절이에요 다들 건강관리 잘 하세요
0,눈이없나취급주의안보이나진짜간만에개빡침진짜드럽게비싼거애가밤마다기침해서손떨면서결제한건데뜯기도전에개박살난거보니심한욕나옴하당장필요해서급하게산건데내일금요일이라교환하려면접수하고찾아가고다시오는데일주일걸릴듯
0,맙소사 벽에 낙서질 발견 아침 짧은 시간에 방을 저지레하고 연필 들고 문 앞 벽지에 그림 그리고 떠난 아기 쓰
0,하우리 애들은 셋 다 하나같이 잠가지고 속 썩이네 정말 낮에도 밤에도 안 잔다 안장
0,어제 컨디션이 너무 안 좋았었지
0,쉬운 게 하나도 없는 매장 오픈 바쁜 주말이 지나고 또르르 물이 샌다 다시 바닥공사 정수기 너 때문인 거냐 예쁜 거울보고 열 식히는 중
0,하여 제 맛있게 먹고 배탈 오늘은 커피 한 잔이다고 어제 첫 끼는 대충 때우고 저녁은 오랜만에 소고기 맛있게 먹었는데 갑자기 많이 먹어서 그런가 하 몸뚱어리 왜 이러냐
0,유치원생도 아닌데 뭐 이리 그리고 색칠하는 게 많냐고요
0,이유식이 먹기 싫은 너 눈물이 맺혀있고 재채기로 밥을 뿜어내고
0,네 이제 시댁에 차 안 끌고 가요 차라리 방전되고 말지 다시 생각나 그날의 악몽이 나는 우울한데 좋다고 부어라 마셔라 하던 신랑이
0,엄만 나팔꽃 같아 왜 나한테 화날 때 소리가 크고 예쁘잖아아 그런 의미로 아들 엄마 이제 소리 잘 안지를 게 예쁘잖아만 나올 수 있게
0,잡히면 가만히 안 둔다 대체 왜 너만 무는 걸까 차라리 내가 꿀 바르고 자서 물리면 좋겠어
0,화가 납니다 우리 집 큰아들 소행입니다 지금은 펜도 없고 액정도 깨지고 난리 났네요 올해 못 버틸 것 같아요
0,어딜 가나던 보다 귀한 마스크 마스크 놓고 온 적이 많이 또 사고 또 사고던 있어도 마스크 안 쓰면 인간 취급 못 받은 집에 오면 순위로 마스크부터 세탁 저놈의 마스크 언제쯤 안 쓸까 너처럼 호흡이 불안정하는 난 마스크가 독이다 마스크 던져버릴 날 언제쯤일까요 마스크 안 쓰는 날 오면 쟁여놓고 있던 마스크 태워버릴 꼬 야 이 씨 오늘도 난 고양이 한 마리 세탁했다 온 집사님 너무 편하게 사용 중입니다 코 부분이 짱짱하니 좋아요 어딜 가나 집사님 고양이 마스크가 인기입니다 집사님들 소곤소곤 꼭 구매해보아요 좋아요
0,세상에 어째 이런 일이 잠 못 자는 밤
0,코로나는 끝나지 않았는데 마스크 안 쓰는 사람들이 왜 이렇게 많은 걸까 무서워서 커피도 못 마시겠네
0,오늘 햇살이 좋아서 밖에 잠깐 내놨는데 두 시간 사이에 화분 네 개 고스란히 도둑맞음
0,식자재 관리 잘합시다 먹다가 봉변당한 으악 짜증 나가게 이름은 말하지 않겠어진 심어 늘 탕수육이 먹고 싶은 날이었다
0,얼집에서모기한테여기저기뜯겨옴하모기새끼개빡딥빡
0,학습 터가 무슨 의미가 있나 저번 주연상이랑 똑같은 영상이 올라와서 선생님께 문의드렸더니 잘못 올리신 거라고 문제만 풀면 된다고 말이야 방귀야 학습 털만으로는 교과서 공부하는 게 충분하다고 생각하지 않음 맛보기식이고 교과서 칸 채우기 같음 코로나로 인해 선생님들도 어쩔 수 없으시겠지만 부모로서 사교육을 안 시킬 수가 없네 정부 문제인가 선생님 문제인가
0,이 뉴스 보셨나요 사랑 제일 교회 교인이 대면 예배 비판한 목자를 망치로 때렸대요 하나님을 믿는다는 교회가 이래도 되나요
0,들어갈 땐 뽀송뽀송 나올 땐 땀범벅 오늘 하루 잘 놀았다 보람된 하루다
0,드디어 사망하심 오티까지 시간 일하고 집에 오너 날 반기고 있는 너 하주나 너 진짜 왜 그래 왜왜 혼날까 집을 말끔히 청소해 놓음
0,하민이돌사진촬영일촬영땐울기만했는데일만에으린이가되었나봄너무너무하이텐션이라진정시키느라애먹음피아노를열정적으로치는울아들할부지피아노매장가서피아노좀달라그르까나날이음마으빠단어들을구사하기시작했고까까를알아듣는울사랑둥이이쁜짓이늘어나는동시에과격함도늘어난듯
0,지난금욜야밤부산투어코로나땀시롱밥먹고차마시고광안리해수욕장차에서만즐기기마스크로화장을닦아주시니주위에서수정하라난리난리메이크업이뭔가여촵촵수월경화
0,짜증이 계속되는 일들 하 힘드네 이 상황을 어찌할꼬 버럭 화를 냈다가 차분히 얘기했다가 하 그래도 안 되네 터질 것만 같다
0,도담이도 월요일은 너무 싫다 멍
0,화나는 오늘 아침 나도 놀러 다닐 줄 아는데 나도 커피숍 갈 줄 아는데 나도 곱창 거 업나 좋아하는데 짜증 오만 오천 오백 개
0,심기불편매우화남앨범속여행하기바다가고시픔
0,아이고울딸아폰중독이가그리야단을쳐도자면서폰을잡고자노폰잠궈못하는데폰을잡고자면우짜노휴
0,친구들 따라다니 기아 요즘 유춘이 장난 아님 꼬락서니 대마왕
0,안방에서파닥소리가나서들어갔더닠어떻게얼굴만걸렸닠
0,가족이니 착한 밀크가 참는다
0,운동도 못하는데 밥이라도 잘 먹어야지
0,집합 금지명령으로 인해 슈에뜨 리즈 발레도 휴원하게 되었습니다
0,화가 난다 덕분에 또 강제휴가
0,항상 여유롭게 내가 하고 싶은 일들을 하면서 즐겁게 살아왔다는 것을 느끼는 요즘
0,나가고 싶은 지후 불쌍한 내 새끼 지금은 코로나 무서워서 못 나가지 후야
0,민 결이 교정 일
0,배고프네 태풍 때문에 바비 때문에 실외기실 못 열어 더워 더 오 젠장
0,태어나자마자 시작된 코로나 잘 먹고 누구보다 우월하게 잘 크던 아들 어른들의 생각 짧은 잦은 입맞춤으로 구내염 걸린 처음으로 아픈 내 아들 엄만 휴회가 난다
0,화가 많은 화요일 화요일엔 역시 화가 많아야 할 많아 않는 치 좀 챙겨
0,날이 더워 잠깐 카페로 피신이라도 가고 싶지만 꾹 참고 홈 카페 오픈 올여름 탄산수 제조기 첫 개시 지난주에 만들어둔 자두 첨으로 자두 에이드와 난 아이스 라테 대다수의 노력이 일부 이기적인 사람들의 혹은 일부 집단의 잘못된 행동으로 인해 헛된 수고가 되지 않기를
0,코로나 이후의 여행에 대한 글을 써볼까 고민 중 관광업 비중이 큰 나라들 경제적으로 어려 운에게 제작해주면 어떨까 하는 고민 상상을 해봅니다 소설과 현실 사이 오늘의 끄적끄적
0,머리 풀었을 때랑 묶었을 때 이렇게 다르나 어떤 모습이어도 내 눈엔 다 이쁨 마지막 짤은 사고 치기 전 엄마 눈치 슬쩍 보기 날은 이렇게나 좋은데 집구석에만 박혀있으려니 죽겠네 한참 이것저것 구경하고 만져보고 탐색할 시기인데 코로나 년 때 매 집구석이라니 마음 아파
0,지난주는할머니댁에이번주는외갓집코로나이섀키
0,즐거운 주말에 이게 무슨 일코로나 진짜 주간 또 집에서 어떻게 놀아줘야 할지 하루에 하나씩 장난감은 사망하는 중이고 사도 사도 없어지는 장난감 울고 싶다
0,또 모든 것이 올 스톱 아이들은 학교 유치원 학원에서 보내준 영상들 보느라 아침 내내 핸드폰만 바라보고 있고 잠시라도 푸른색을 보라고 베란다에 앉혀 놓음 너무 심심해라 해서 집 앞 문구점에 얼른 가서 며칠 놀 거리라도 사 오려고 했더니 문구점도 며칠째 문 닫고 거리에 아무도 없는 어마 무시한 이 상황
0,싹 다 웃긴 게시물 유머 맛 집
0,어른이맛짤방보고가세요현타빡침으로번아웃이올것같아서창작의고통으로승화시켜봄
0,아침형 인간과 저녁형 인간의 차이 우쭐대지 모르 정답임
0,요가원 휴원 연장 단체 문자 돌리고
0,비만 안 내렸어도
0,한국에 너무 오래 있었다
0,사연 많은 와인 연어 먹고 싶어 온 동네를 뒤지고 다녔건만 실패 왜 여긴 연어가 없는 거야 열불 나서 뭣도 모르는 와인 집어오고 와인 추천 감사드려요
0,그래 너희들은 다코로나 걸려라 미친 것들아 왜 이러지 대체 머리를 왜 달고 다니는지 모르겠네 와 나는 놀러 가본 지가 언제인지 저런 것들은 의료진들한데 미안하지도 않나 봐 사진 보고에 이 설마 이랬는데 끝까지이기 주의 네 하긴 하지 말라는 건 끝까지 하는데 뭐 아주 딴 세상이 지
0,자작곡 제목 코로나 화나 심
0,병 걸릴 거 같아 좀 꺼내줘
0,언택트 크리스마스
0,메리 코로나 마스
0,그냥 요즘 유튜브 보다가 현 따와서
0,허술하고도 이상한 방역체계 덕분에 연말 모임다 취소돼버리는 사태가 결국 강의 준비나 착실하게 해야겠네 영원은 없다 우리 안에 거짓은 드러나기 마련이다 언제나 감사한 사람들 그리고 자유를 위한 공부
0,표정에서빡침이보옄뭔가공감되지유머패밀리주황이잘부탁드려요유머힐링핫이슈재미있으셨다면팔로워좋아요출처미상
0,집 근처 부동산 아저씨가 기르시는 닭 울 만에 겨울 마실 나온 걸 봤다 사랑받고 자라서 그런가 너무 귀여움 크리스마스에 남자친구 종강하면 같이 오붓하게 데트하고 남 치느니 어머님께서도 백화점 상품권 보내주셨는데 코로 나 땜에 다 파투 나서 너무 싫다 진짜 둘 다 당분간 집에 콕 예정 보고 싶어서 어떡함
0,고소 각
0,정부시책으로강제집콕중인데좋은건아리랑함께하는시간이길어진거하나뿐이구만하나라도있어서다행인가요즘은매일산책분다니고새침때기목욕시켜줬더니빡쳐서뒤돌아있는걸분내내이름부르니겨우뒤돌아봐줌이쁜널보며유일한힐링중코로나띱때끼진짜욕밖에안나오는구나
0,어린이집 미션 클리어 아주 만에 어린이집에 크리스마스카드며 선물 받으러 갔는데 발이 안 떨어지더라는 낼부터 당장 보낼래요 이 말 참느라고 애썼다 이 와중에 확진자 계속 나오고
0,나이가 몇 갠 대아기 때 치던 사고를 치냐 왜 펜을 하아 사진엔 덜 나오고 열심히 닦아 봐도 냅 둬 사라지겠지 부글부글
0,깜빡 잊은 비오의 생일 생일이 지나가기 전 급하게 선물로 짠 목도리
0,율무는 밥투정 중
0,어휴
0,주말 아침 명 추가 확진한 날씨는 넘나 춥고 바람 쐬러 통영이고 고 전동 트렁크의 장점이지 시트 넘기고 매트만 깔고 트렁크 개방하면 바로 차 박스 벅 커피와 케이크로 마음 달래기
0,어제넘먹고싶었지만아쉽게못먹고오늘둥이들일찍자서오돌뼈시켰더니분자고깨기있기없기
0,우리 집 박살 내 기탄
0,오랜만에 사진 올리는데 화난 모드 째려보는 거 맞음
0,요즘 유행한다는 동물 병풍 지윤이도 보고 지우도 보고하라고 만들어 봄 간격 맞추다가 화나서 다 집어던질 뻔했으나 그냥 포기하고 대충 붙임 대충 붙였으나 생각보다 티가 안 남 지우가 사진 뜯을 거 같기는 한데 나중에 사진 위에만 코팅지 발라야 할 거 같음
0,와 부산인데 시간 새워뒀는데 차 방전됨 근데 맞은편 오토바이도 방전됨 내적 친분 쌓임 하이카 빨리 와요 추워
0,코로나 끝나면 공방부터가 자
0,년월일크리스마스분위기내보려는데트리는놔둘곳도없고놔둬봤자맨날쓰러트릴거같아서산전구첨에색잘못와서띠용교환할까해서건전지뽑으려는데건전지뚜껑안뽑혀서가위써서뽑다뚜껑부러짐교환못해서쓸려고풀었는데엄청꼬여있음겨우다풀고어케달지막막해서놔뒀다가오늘동생와서같이달았는데테이프로붙여서쫌지저분하지만앞에서보면괜찮네원래샀던색이더이쁜거같지만아쉽아쉽일
0,올해 크리스마스는 운 좋은 줄 알아라 거리두기 단계가 널 살렸다
0,아진짜짜증나넼이게임하는데어떤외국인새끼는갑자기쳐들어와서죽이고하지말라는데계속죽여서나감하다음서버가개어이털렸음어떤외국인이계속들어와서나가라고했는데도와주겠다고해서난혼자서할수있으니까괜찮다했는데계속귀찮게도와준다고지랄해서괜찮다고했다이러니까집구경해도되냐고물어봄얼마안만든거알면서그리고채팅에진짜답답해서한국어로했는데또다른외국인새끼가지한국어이해못하니까영어로해달라고지랄그래서한국어로내가내모국어쓰겠다는데왜이래라저래라지랄이야이러고영어로는나영어겨우겨우하는거야이러는데지필리핀인이라면서딴소리함개어이털려서나갔네핰
0,댕빢침
0,딸이 무면허인데 운전석에 앉힌다고 헐헐
0,분노의 당근 마켓
0,섹시 자극적인 유머는
0,집에서 새로 사용할 요즘 일반 유저용 하드디스크들이 하나같이 성능이 개판이라 열받아서 기업용 엔터프라이즈를 구입했으면 이런 거 싸게 안 나오나 아오
0,특별할 게 없는 일상 오늘은 춥다는 핑계로 두 놈 다 데리고 있었제 친구 집 놀러 간 진주 빼고 우리만 놀기 낮잠 자고 스노하고 어휴 허리 다리 안 아픈 데가 없군 돌아와라 나의 건강 아이 것이 진정 코로나 블루인가 주저리
0,김세정 표정일 거 같아 흰 티에 뭐 묻었을 때 진짜 저 표정 바로 나오미 유머 패밀리 흰둥이 잘 부탁드려요 유머 힐링 핫이슈 재미있으셨다면 팔로워 좋아요 출처 미 상
0,주말에 옷장 비우기도 전해보실 분 장롱 싹 정리하고 나면 쾌감 쩔
0,야 이거지 끼여 몇 달 전에는 통째로 훔쳐 가더니 이번엔 뚜껑만 훔쳐 갔네 가져갈게 그렇게도 없냐 얼마나 한다고 이걸 훔쳐 가냐 다이소 가면 오천 원이면 사는데 아오 이런 거로 신고할 수도 없고
0,엄지 밥 언니가 먹는다
0,자기야 뽀뽀 한 번 하자 요즘 핫한 패러디 예비 사랑이가 언니 뽀뽀에 대처하는 방법
0,게 춥네 진짜
0,우열을 가릴 수가 없네
0,조두순 하나 때문에 우리가 내야 하는 돈 와 화난다
0,밖에 나가기 무서워서 시간 때울 겸 귤 말리는 중근이데 인스타 보니까 나만 사회적 거리두기하는 건가 싶음 다들 집에만 있자고요 제 바알
0,또 손가락 다쳤네 오이고 추안 썰어
0,개빡친다어제까지사용한가성비좋다고국민템이라고소문난다이소아기욕조개월사용했는데환경호르몬범벅이라고뉴스뜸유해물질이무려배도배도아닌배넘게검출환장함인증은장식임다이소욕조사용한대다수의아기들이겪은피부문제아토피인줄알았던울애기피부가욕조때문이라니병원도수시로가고약먹고가려워서잠도제대로못자고그동안고생한게욕조때문이라니환불해주면다냐벼락맞아뒤질것들
0,까꿍으로 반응 구걸하는 마리
0,개고생했는데 개고생할 텐데
0,악마의 미소
0,엄마가이거하면이뻐진댔는데진짜에요또솜이도리본장착해보기또솜이는극혐할걸알지만귀여워서사버렸어요머리에뭐하는걸싫어하는또솜쓰역시나착용후간식얻어먹고초만에털어버린마지막사진완전빡침
0,고등학생이 화난 이유
0,내일 발표 두 개 실화냐 진짜 교과 교육론 교사 당첨 실화냐 이거 실화냐고 실화야 이거 꿈이지 그치
0,나도 오늘부터 분노 저금통도 전해본다 이거 모아서 분기별로 셀프 선물하려고
0,하 씨 되는 일이 없네
0,갑질 한 놈 땜에 화나서 만든 노래
0,한 분까지는 민망했음 학교 얘기해서 화나기 전까진
0,에라 같은 핵이라도 초반에 미터 밖에서 유지에 죽는 것보다 등 하는 게 더 화남
0,자는데 깨워서 화남 너무 오래 자서 얼굴 털 눌림
0,문은 도대체 왜 개화 나겠다 진짜 유머 힐링 핫이슈 재미있으셨다면 폴로 좋아요 출처 미 상
0,귀여운데짠해내새꾸들왤케돌아가믄서아프냐눈물도콧물도방울방울코멕혀서좋아하던참치까지거부하고가습기랑전기장판틀고약먹여도안먹는놈앞에무용지물이라억지로강급해도며칠사이수척해져서결국다시입원행또르르식욕만돌아와줘제발
0,다이어트가 이렇게 위험합니다
0,단계로 헬스장주 닫으니깐 운동할 곳이 없어지지 네 차라리 나 운동하게 하나 차리는 게 아우
0,시비 후 운영금 지인 줄 알고 안심하고 있었는데 학원은 갑작스러운 단계 집합 금지 어처구니없어서 욕만 나온다 안전 규칙 철저히 지키고 관리해온 게 뭐가 되는 건지 연말까지 강제 백수와 무지개 같다
0,진심으로 화났네
0,단계 격상하면 진심 화난다 책임도 못 지면서 그만 제한 좀 했으면
0,개 같은 상황
0,청공에서 홍금이 되는 순간
0,이런써글을지난썅써글이다잘라하는나를감히넥카라를씌우겠다이거냐눈나어디한번해보자이거냐나랑싸우면질거아는뒈아오그냥오늘주말이라기분좋았는데눈나너땜시기분잡쳐버렸으니까나오늘건들지마라건들면다확그냥아오콱해버릴꺼니까
0,우리그만헤어져점점좁혀져오는코로나너도대체왜그러세요이제우리그만헤어져요바이러스저렇게꽁꽁싸메가버리뿌고싶다은제까지마스크를하고댕기야카는데썩을놈의꼬로나어디가지도못하게하고
0,어린이집 확진자 동선 접촉자 가족이 있다고 긴급 휴원 아예 문을 닫아버린 어린이집 부랴부랴 휴가 내고 하원 시키고 감기 증상 있어서 병원 데리고 집 오자마자 또 정신없이 한바탕 소란 아침부터 지금까지 너무 바쁘다
0,아아 님은 갔습니다
0,촬영 중 리얼 화남 표정에서 화남이 보임
0,싫은 데에
0,지랄하고 자빠졌네 저출산이 지랄하는 인간들 보면 아가리 닥치게 하고 싶음 여자들 애 낳는 걸로 연구하는 거 비혼인 내가 봐도 웃기네
0,시바 존 말할 때 놔라
0,촬영 중 리얼 화남 표정에서 화남이 보임
0,도대체 뭘 공유했다는 건지
0,눈 감았는데 찍고 그르냐 누나 제대로 찍어줘
0,한 모금 마시고 방에다 쏟음 향기롭다
0,여러분이게뭘까요이시부럴층간소음때문에몇억씩하는집에서귀마개를박고잠을자야한다는게말이되냐고요즘에는뭐든지뽑기를잘해야한다고하지만집도그래야하는거니이러다가진짜정신병원가겠다하언제들려올지모르는천둥의신발망치가끔은너무커서윗집뒤꿈치금간거아닌가걱정된다야아오소리가궁금하면우리집에놀러와요
0,티모
0,제보다들 알아줘 라이 열정이 슬픔
0,굉장히 짜증이 난 고양이
0,양지공원 돌고 있었는데 어떤 사람 마스크 안 쓰고 달리기하고 있길래 산 통해 초막골 가는 중상 개화 나네
0,박수현 열받은 편
0,축구선수였던 나를 생각나게 했던 오늘 아쉬운 마지막
0,짜증을 내어서 무엇 하나 니나노 찜닭이나 묵어야지 이것이 시발 비용이 군 시발 비용
0,일태기얼태기태기란태기는다갖다붙여버려도모자랄판심란한오늘은빨리코낸내가답무의미한손동작어플의값어치상승
0,아아악모야이거아오빡쳐내사랑오예스콜드브루월말에사서유통기한도널널하도하고살찔까봐진짜일에한개먹었는데오늘먹고싶어서일부러스벅가서아메리카노사고딱맛있게먹을준비하고깠는데뭐여곰팽이아놔빡쳐서인터넷찾아보니곰팡이가필수있다네미췬거아뉘니완전추운베란다에그것도햇빛도안드는수납장안에넣어놨구먼지쟈쓰쳇기분잡쳐쓰
0,엄마가 진짜 미안해 유튜브에선 쉬워 보였어
0,아오 망연자실
0,기본 아아 잔수 분다 빨아먹음 팀장 스트레스 야근 아침 출근 잠 못 잠 건강하려면 퇴사를 하락이 마리죠
0,취소일 남았는데 취소
0,너 뭐 하니
0,에라 다이어트 휴무날은 식단 조절 너무 어렵다 이렇게 먹다가도 갑자기 입 터져버리고
0,내가 앞차랑 간격 띄우는 게 안전거리 확보치 너희들이 끼어들라는 게 아니란 말이다 좌회전 우회전 맨 뒤에서부터 기다리기 싫어서 직진 차로로 가다가 앞에서 슬금슬금 끼어드는 얌체 운전자들 천벌받아라
0,일하기 싫다고
0,다리가 짧아 슬픈 송 피치 분노의 화남
0,이제 어깨 회복해서 운동 가는데 코로나 단계라니
0,저딴 질문을 왜 해
0,여기서 케이크 점수는 포기해야지 맘먹었지만 진짜 점이나 떨어지니까 화나네 황수
0,시에일어나서부랴부랴준비하고차엥꼬떠도기름못넣고예약시간맞춰서도착했는데시간째기다리는중
0,너네랑 있으면 시간 이후 다다다 다다닥 지나가버리는구나 집에 오는 길이 참 귀찮았음 망년회 때 보아요 천둥이도 안녕
0,하루하루 스트레스에 찌들어 사니 핸드폰 졸라 부숴버리고 싶다 율무가 젤 기여 어
0,정상이 코앞이라 영상 남기려다가 또 싸우길래 급하게 카메라 넘김
0,술 마시고 늦게 들어온 집사가 싫은 로랑
0,내 새끼 마스크 좀 벗자 이것들아 놀러 다니는 건 좋은데 동선은 좀 밝혀줘라 징 하네 진짜 애들까지 마스크 쓴 거 보면 안 짠하냐
0,오늘의 배달로 꼬미 그리고 꼬리만 나갔다 와 몹시
0,책상 수평 맞추는 부분 때문에 나사 조이고 다시 조립하려고 미 교리에게 전동드릴 빌렸는데 나사 풀고 나니 배터리 방전 아이들 오기 분 전 최선을 다해 수동으로 돌려서 나 사조이다 보니 손에 물지 잡힘이 교리 네가 만두지 않겠어
0,확실히 밑으로 떨어져야 허벅지가 얇아 보이는구먼 유지하고 싶지만 잠시 내려갔다 오는 걸로 이번 주말 잘 보내고 나면 다음 주는 가 보자
0,제발 좀 그만해라 아 놔 진짜 아침부터 성질나네
0,진짜 좀 제발
0,언니 오늘 힘들어 오늘따라 너무 에너제틱 한 로카 게다가 위층에서 애가 떼를 쓰는지 쿵쾅거리고 우는소리가 시끄럽게 나서 로카가 잠도 안 잠
0,묘기하시네
0,엄청 화난 상태
0,코로나 화남 푸는 방법 최근 플레이리스트 불 쇼 볼 자신 있는데 내한 꼭 오세요
0,지금보니까되게어좁이같애어쩌지
0,진심찐텐이야
0,내 새 꾸 사진 써서 누나가 미안 놀러 오거나 밥 처먹으러 왔으면 마스크 해라 관광객 막노동 서핑 놈들아
0,과제하다가 심술 난 커진 이
0,어느덧 겨울인 건가 망할 코로나 늦은 가을 붙잡아보기 소용없는 짓거리
0,머리 격하게 자르고 싶다 너무 개털이어서 슬슬 깊은 화남이
0,이런 사람도 있구나
0,번째 순간 남자 만나러 갔냐는 질문과 여자를 만나서 얼굴이 폈다는 추측 그리고 소개팅해줄 테니 있으라는 오만 딱 수준이 느껴지는 무례함 속에 화가 아닌 불쌍함이 느껴지는 아침 왜 그런지 머리로는 알겠지만 이해는 가지 않아서 애써 하지 않으련다 공중에 나는 저 새들을 보라 씨를 뿌리지도 거두지도 창고에 쌓아두지도 않지만 하늘에 계신 너희 아버지께서 먹이신다 너희는 새들보다 얼마나 더 귀하냐 너희 중 누가 걱정한다고 해서 자기 목숨을 조금이라도 더 연장할 수 있겠느냐 어째서 너희는 옷 걱정을 하느냐 등에 핀 저 백합꽃이 어떻게 자라는지 보라 일하거나 옷감을 짜지도 않는다 그러나 내가 너희에게 말한다 그 모든 영화를 누렸던 솔로몬도 이 꽃 하나만큼 차려입지는 못했다 오늘 있다가도 내일이면 불속에 던져질 들풀도 하나님께서 그렇게 입히시는데 하물며 너희는 얼마나 더 잘 입히시겠느냐 믿음이 적은 사람들아 그러므로 무엇을 먹을까 무엇을 마실까 무엇을 입을까 걱정하지 말레이 모든 것은 이방 사람들이나 추구하는 것이다 하늘에 계신 너희 아버지께서는 너희에게 이런 것이 필요하다는 것을 아신다 오직 너희는 먼저 그 나라와 그 위를 구하라 그러면 이 모든 것도 너희에게 더해주실 것이다 마 우리말 성경
0,아이 하다 카메라 잡힘 꾸준한 업데이트합니다 재미있다면 친구도 환
0,밥 먹다 말고 깊은 화남 소고기뭇국에 고춧가루 넣어서 얼큰하게 먹고 싶었을 뿐인데
0,예지 결혼 축하해 행복하게 이쁘게 잘 살아
0,주차 매너 무엇 양심 좀
0,화 화났니
0,디카페인 마실 거면 왜 마시는지 이해가 안 된다고 생각했는데요 어느 순간 저를 이해할 수 없게 되었습니다
0,회랑조개구이는맨날먹을래도먹는사람씨파크에서사먹다인터넷으로시켜본대실패저걸대왕가리비라고파는거야땔챠오빠랑실탐보면서먹는데참다참다폭풍눈물진짜패직이고싶다내새끼한테저랬다면나참을수있을까남에새끼한테저런것도울화가치민다울산강남급이라칭할정도로명품어린이집학대교사가원장딸이랜다지자식교육도못시킨인간이무슨어린이집애들이먼잘못이냐지켜주쟈좀휴열받았다울었다오빠서비스라면에가라앉아보네살은우리가찐다증말
0,망했다쇼미더머니유일한힐링플유일한최애래퍼안병웅크루배틀탈락이사람랩볼려고화까지본방사수했건만진정탈락했어야만했냐왜왜왜가사를절어서왜왜왜탈락을이제안보는걸로예전에넉살등놓쳤을때보다더빡침오늘또불면각빡침주의
0,화남이 느껴진다
0,혈압상승빡침주의역대급시월드아진짜너무해요
0,정거장 가는 데 시간 걸리면 회사 가지 말라는 거 아닌가 다른 교통수단 없는데 자꾸 다른 교통수단 이용하래 차나 끌고 나올걸
0,제보와 장창
0,이 계집애를 어찌할까요 우리 집 밥주걱이 이 모양이 되었네요 벌써 몇 개째냐 키가 커서 싱크대 안에 있는 것도 기가 막히게 물어다가 씹어놓네요
0,내 새끼 근황
0,삐졌어
0,샀다 공기청정기 어찌 알았는지 옆 사무실에서 화목난로를 연통에서 연기와 재가 미세먼지가 없으니까 옆 사무실 이자가 생산을 한다 찾아가서 이야기했지만 지랄 염병을 한다 추운데 난방 안 하냐고 누가 난방하지 말라다 난방을 꼭 화목난로로 해야 하냐 혹한기 정비 텐트 생각이 난다 그땐 화나면 정비 텐트 걷어버렸는데 민간 사회에서 그럴 수가 없다 말이 안 통해서 말을 안 하기로 했다 증거만 수집한다 안녕
0,난 미술 선생님이 지보 건 선생님이 아니야 시 바랄
0,그러니까 화나게 만들지 말라니까
0,첫 노동 실전공략 직장 갑질에서 살아남기
0,아오 화가 났다 화가 나 아빠는 웃음이 난다
0,기적의 사나이로 또 이게 더 어려운 거 아닐까
0,내가해준머리염색돈내놔라우리애들지새끼인냥돌봐주는이놈열심히새로운일도하고다좋은데요애들한테잘하는건좋다이거야근데노동의댓가는좀주라애들꺼사주는거말고내껄챙겨줘야지
0,으아아아아 안 풀려
0,늦잠좀자고일어났더니내새끼덜아침부터사고쳐놨네식탁위엔어떻게올라갔는지정수기물계속틀어놔서물바다됨허허눈뜨자마자매트다걷어내고닦고말리고완전대청소중아빡쵸
0,공부하고 싶대서 하는데 화가 난다
0,실내에서도시동걸어도되는친환경차랑힐링나무수액맞아서세차개망함그래핀올리다가중도포기다다음주클레잉해야함마법의물약으로마무리후친환경차에카오디오만원투자한변태형차안에서청음하고집으로옴
0,발더작아짐발톱깎고발쭈댕이밀고빗질하고
0,오피스텔 복도식 아파트사는 사람만 알 수 있는 기분
2,오늘 점심은 인제대학교 늘 비관에 있는 스낵 테라스 고추장삼겹살 도시락 두둑한 년 만에 먹는 것 같은데 한결같이 맛있다
2,밥 달라고 꿀꿀 꿀
2,비주얼 장난 아님
2,존 맛 태아 항에 항 너무 맛나 또 또 먹고 싶다
2,먹방가요황홀한맛잊을수없는맛
2,역시 호떡엔 아이스크림이지
2,개인이 만토 시리즈 개 귀엽 어쩔
2,나는
2,기본이 최고
2,오늘은 오랜만에 선배님을 만나서 간단하게 한잔하였습니다 메뉴는 바로 프라 닭의 순살 블랙 터움바와 빅스타 피자의 맵 단지 단 시카고피자입니다 프라 닭은 제가 자주 시켜 먹는 만큼 맛이 최고입니다 먹어도 먹어도 질리지 않는 맛입니다 빅스타 피자의 맵 단지 단 피자는 음막 그렇게 맛있지는 않았습니다 또 시켜 먹지는 않을듯합니다 그래도 궁금하면 한번 먹을만합니다 무료 증정으로 받은 연유 바게트가 더 맛있는 건 안 비밀입니다 순살 블랙 터움바 피자
2,돈가스 좋아하는 우린 아직 어린이
2,시댁 송년회 먹고 마시고 자고 먹고 반복 집 콕 박일 키로는 찐 듯 올해 마지막 일요일 잘 가
2,돼지로운 생활
2,혀 네가 해준 음식 위안에 무조건 들어가는 냉이된장찌개 오늘도 폭식
2,먹고 먹고 또 먹고
2,올해 연말은 이렇게 마무리
2,나초가 어제부터 계속 생각나서 오늘 아침에 로켓 배송으로 사버렸다
2,트위드 체크 놈이 뻥
2,먹고 치우고 먹고 치우고 치우고 치우고 저녁은 또 뭐 먹지요
2,딸 생일상 차려준다고 새벽 시에 일어나서 한상 가득 요리한 우림 마 아빠가 환갑잔치상 같다 함박일 동안 엄마에게 사육당하고 집에 굴러가는 중
2,결혼한지벌써주일몸무게는금방늘고볼빵빵빵순이로변했지만맛난거먹을수있어서노므행벅해
2,국솥 밥에 굴 뭇국에 생굴 파티 달래장에 쓱쓱 비벼 먹음을 메나 맛있게요 겉절이에 환상이라는 남편 음식 하는 건 넘나 숙제 같고 힘든데 만들면 죄다 맛있는 게 함정 신랑 회사 가면 다이어트가
2,일요일 오후는 왠지 모르게 기분이 섭섭하죠 오늘은 맛있는 음식을 먹으면서 섭섭한 기분을 달래 봐요
2,방구석 크리스마스
2,주차금지
2,연휴 동안의 우리 아점 요즘 브런치에 빠져서 만들어 먹는 재미가 비슷한 듯 아닌 듯 재료 돌려 막기 나름 다양하게 하려고 해 봄 손만 좀 더 빠르면 완벽할 텐데
2,살이 찌는 소리
2,지금은 밤에 또 이렇게 하루 마무리 뭔가 잘못되어가는 주아 꿀꿀
2,먹고 먹고 또 먹고 예쁘게 차려서 먹고 싶지만 지금은 그냥 입에 들어갈 수 있음에 감사
2,조은
2,주아랑함께한만삭사진조리원연계업체라서어떨지궁금했는데만족만족주아잘웃고사진잘나오게도와주시고넘나즐거웠던덕분에꼬미성장앨범도계약자매컷기대기대
2,후식은 역시 베라
2,집에 콕
2,오늘은
2,시절
2,나름 건강식 저녁엔 또 뭐 먹지요
2,오늘과 어제
2,연월 일금 대빵이랑 맞이하는 번째 크리스마스 이제는 둘이 아닌 셋 늘 고맙고 사랑해
2,그렇게 먹고 싶었어
2,크리스마스
2,돼지꿀꿀컹
2,세 식구 조촐한 크리스마스 파티
2,년에한번씩크리쓰마쓰때하기로한작디작은우리집테라스파팈작년에이어오늘도무사히성공테라스파티번더하기로는뻥이지메리메리크리스마스여
2,일과 후 고기는 진리
2,저녁은 베란다 평상에서 오겹살 파티
2,크리스마스에다들케이크드셨나이집브라우니진짜존맛탱이에오
2,삼겹살 꼬기
2,매년 연말마다 열리는 작은 행사 년 동안 잔돈만 넣어준 돼지 저금통 여는 날 과연 올해는 얼마나 모였을까요
2,메리클쑤마쑤맞는건가
2,이렇게 조용한 성탄은 또 처음이네 맛있는 거 해 먹고 집에 콕 해야 징
2,방구석 크리스마스 그냥 휴일일 뿐 코로나 때문 아님 그냥 뼛속까지 집 순이 재질
2,기분
2,겹살이 맛있는 겹살이긴 차곡차곡 소스에 찍어 먹으면 꿀맛 꿀꿀
2,크리스마스 엔 집에서 삼겹살에 비빔면 모두 즐거운 크리스마스 보내세요
2,메리 크리스마스
2,꿀꿀한 날
2,와이지 마지막 근무 선물 감사합니다 안녕
2,아버지와 어머니와 함께 제주여행 아버지께서 크리스마스 선물에는 선물을 사야 한다고 꼭 사러 가자 해서 더 뜻깊었던 내일같이 찍어요 아영아 시작하자
2,오늘은승용이랑치킨사냥가서어니언무시깽이를먹었당맛있어서호롤롤로로로로로로로롤로로옹했당
2,후엥마니처무긋다별약속없으면저녁을빨리먹어버린당오늘넘맛난게많아서과식했당제육볶음만들었는데넘나마싯
2,오늘뎜심
2,다들착한일많이들하셨지요선물받아야지요나는크릐스므스선물이라고원장님이전직원배민쿠폰장이나주셨다아배달음식먹고꿀꿀자랑하려는거마즘
2,베이비샤워크리스마스연말파티준비됐다요샐러드만사고나머진내가준비파스타도하고손큰내가잡채도하고큰대하다라가득풉밀폐유나베랑단호박스프에살치살과등심소고기스테이크까지먹느라못찍었돳엄마가왜힘들게했냐고이게마지막이될꺼같다신랑이도와주니깐가능한일이쥬우리착한신랑친정식구들과함께여자는친정식구가최고죠행복한하루가
2,드로잉 독학 시작 첫 번째 드로잉은 돼지 꿀꿀
2,구워주시는 중
2,계속 먹고 싶다
2,뇸뇸뇸뇸
2,입에까까담고꿀렁꿀렁리듬타
2,배가찢
2,존맛탱구리
2,오늘성찌미가좋아하는귤이랑딸기사줬는데그는다계획이있었던거다어제사놓은필라델피아칮으케잌이랑같이먹겠단계획귤세개까놓고한조각더먹을라길래그만먹어하니까왜그러냐며엄청속상해하고귤까놓은이유가다있단말이야이러는내돼지씻고나와서는이번주는옷을또뭐입냐며그러는데돼지야살이나빼너요즘턱선도없어지고굴러다닐거같아너무잘먹였나엉덩이가토실토실하다못해빵빵하다박나나박빵빵
2,오늘은 너로 정했어
2,난 치킨에 맥주 신랑은 치킨 아콜라 신랑은 크리스마스 캠핑 준비 나는 혼솔지 이 네 총각김치짱 하루 한두 번 라면 점심은 병 주니가 알려준 명란 라면 청양 고추 팍팍 최고 최고
2,허허헣허허허
2,어제 한밤중에 둘이서 갈빗살 구워 먹음 인용 화로에 갈빗살 버섯 소시지 구워서 생고추냉이 참기름 핑크 소금 찍어 냠냠 고체연료 큰 거 했더니 화력 짱짱
2,나만의 기분전환하기
2,나도 먹어봤다지
2,서산댁
2,너무 귀여운 옷감사합니다리는 고어 또 케 알고
2,오랜만에 업로드하네요
2,오늘의
2,모자이크라고 할까
2,뭐 되게 바쁘신 일 있나 봐요
2,미리 크리스마스
2,삼실이 아닌 곳에서 볼 수 있으니 호칭은 회의하는 거 없고 드디어 드디어 안부 인사할 수 있는 우리 죠와 다만 보는 걸었다
2,귀여워
2,놀러 가고 싶은데 못 가니까 대신 지역 빵으로
2,보리 굴비 밥상 물 만 밥 보리 굴비 김치
2,바닐라라테랑
2,물형 관상풀이 귀엽고 사랑스러운 꽃돼지를 닮은 당신 만개한 꽃처럼 복이 활짝 열린 관상을 가졌다 사람이 좋고 인복이 많으며 힘이 넘친다 총명하고 요령이 좋은 편이며 행동이 의외로 빠르고 재치가 있다 욕심이 많은 편이지만 동시에 타인을 위하는 마음 배려하는 마음도 강하다 합리적이고 이타적인 사고를 지녔다 복과 행운을 상징하는 동물인 돼지를 닮아 재물복을 타고났다 통이 커서 잘 벌고 잘 쓴다 또 식 복도 함께 타고 나서 먹는 것을 진심으로 즐기는 편 동네 맛 집은 기본이요 요즘 핫한 인 스타 맛 집부터 카페까지 다 섭렵하고 있지는 않은지 꽃돼지상 몇 번을 해도 돼지나는 타고난 돼지 풀이가 기똥차게 들어맞아서 소름 특히나 식복 나를 너무 잘 아네
2,탄산이랑 꿀 조합
2,집에서 할 일도 없고 다이어트해야 할까나 뭐 하지
2,크리스마스 준비 사실 설치해 놓은 진한 달은 되는 듯 애들이 뜯지 않아서 좋다 한 년간 세워놓는 트리 했더니 홀라당 홀라당 트리를 벗겨놔서 리모컨으로 등을 켤 수 있어서 꿀 크리스 마스다가 와서 좋은데 엄만 숙제가 많네 선물 준비 크리스마스 옷 사기 간식 준비 그래도 너희가 즐겁다면야
2,인스타용사진찍는데현우가오더니왜내샌드위치는안찍어주고엄마샌드위치만찍냐고울먹삐짐그럼현우샌드위치도가져와같이찍자했더니자기가만든샌드위치반쪽과뽀로로요구르트가져와서셋팅하심못살아
2,멜로디는 밝은데 가사가 슬픈 노래처럼 분명 목소리는 밝은 더 들리는 말은 슬프게 느껴질 때가 있다
2,퇴근 후 집 밥 따뜻한 저녁 먹게 해주셔서 감사합니다
2,칼 소폭 자전거 년만의 스쿨푸드 자꾸 과식하게 된다 쿨럭
2,주말의먹부림며칠전마트할아버지보고싶다하셔서통화하는데갑자기할아버지보고싶다고울먹울먹통화하던할아버지는당황하시며코로나를욕하시고애미는내내마음에걸려하다가열흘만에외출결심청정지역인상주로달려가버리기어느새애단골집이된한우식당에서는하필넘나좋은투플데이라고정말녹으시는고기를주셨고갑각류러버조카를위해어마어마한사이즈의대게를사오신우리삼촌덕분에열심히게살발라서게살이반인파스타도해먹고두찌도게살이유식주말맞이요리놀이메뉴는계란빵역시나넘나즐거워하시며만들어주셨고맛나게드셔주셨다아는농장이생겨버린덕분에금딸기완전플렉스해주신윤여봉씨덕분에딸기도가득가득금손삼촌이겟해서보내주신곰표캠핑박스와테라한박스역시나먹을복넘쳐나는스말네오늘은초컷한우스테이크대란에서성공크리스마스연말스말생일까지있는연말연시아마도내도록윤여봉씨와함께일예정이라야무지게먹고내년에는굴러다닐예정입니다
2,검은 곰둥이 꿀꿀
2,서울 친구들 부러우라고 찍어봄
2,재밌고 감사했던
2,아가생일맞아서돼지모양으로쪼로록너무귀엽죠옹아가두꿀꿀이다꿀꿀꿀꿀이러면서좋아해줬으면좋겠어요크리스마스가생일이라고하는데반짝반짝행복한생일보내요
2,주말 동안 먹고 먹고 먹고 가족들과 맛있는 것 먹으니 세상 행복하다
2,고기가 최고야
2,오겹살 맛 집 지선이네 수라간 후식까지 완벽
2,머리색이쁘지단계되기전에다녀왓지내가항상가는동네미용실이지만원장님센스쩐다원장님짱
2,회가 너무 먹고 싶은데 이 근처엔 횟집이 없어요 아쉬운 대로 일식 레스토랑에서 생선회 픽업해서 배 터지게 회 충전했어 조회만 먹으면 심심할까 봐 치킨 데리야키도 같이 주문해서 냠냠 너무 맛있게 배부르게 먹었는데 여전히 한국의 횟집이 그리운 건 왜 때문이죠 찌게 다시 푸짐하게 깔린 큰 한상에 초장 푹 찍어서 쌈에 구와 귀먹고 다 먹고 나서 매운탕에 밥 뚝딱하면 세상 행복할 텐데 말이죠 그래도 먹고 싶던 회 충전되니 기부니가 좋은 밤이네 여 이 기분 이어갈 겸 소화도 시킬 겸 달달한 바닐라 아이스크림 듬뿍 얹은 아포가토 한 잔 마셔야 할 것 같아요
2,주말엔 맛난 거 만들어 먹는 재미 보쌈 맛있었다고 해서 한 번 더 역시 나무 수분으로 성공 일요일 아점은 에프로 계란빵 만들기 채 꾸어 부지는 출근해서 채 구랑 냠냠 계란빵 엄청 좋아하는데 자주 만들어 먹어야겠다 저녁은 돈가스 돌려 여보가 사 온 커피랑 먹기
2,찜닭
2,이제는 친언니 같은 엄 언니가 매일같이 열라 시루는
2,일단피자를먹어보쟛
2,오래간만에 운동 동영상을 찍고 싶었지만 세팅도 못함 공주 새로운 체육관 코트 바닥이 찰짐 남자는 핑크기
2,이번 주는 회주해 산물 준코로나 안 걸리고 말겠어 오믈렛기 크리스마스 선물로 샀는데 너무 좋아 역시 음식은 아이템 빨
2,오랜만에 친척 어르신들과 모여서 먹은 집 밥 세상에 아무리 맛있는 음식이 많다지만 최고의 음식은 집 밥이 아닐까요 모두 맛있는 저녁 되세요
2,데투데투산발이
2,볼살
2,오 예 오예 참치김밥 엄마표 김밥 맛있어
2,집에서 간단히 먹을 땐 김치볶음밥이 최고
2,햇살이 좋다 못해 눈멀 번 먹고 새우튀김이랑 떡볶이도 먹었습니다
2,퇴근하고 크리스마스 준비 완료 밤에 키 니카이 심플하고 이쁘네 참 잘했어요 너무 늦게 준비했나 악 몰라 몰라 이제 자연이랑 비밀번호 찾아야지 맨날 까먹는 비밀번호 바보 멍청이 휴무야 가지 마라 약 살려줘
2,오랜만이에요오털뚱이인지뚱뚱이인지가되어버림
2,가쥬아
2,점막 아이라인 얼굴이다 하셨어요 다했네다 했어 이쁜 고객님 올 한 해도 다 지나 가네코로 나가 없던 시절이 너무너무 그리운 요즘 연말 분위기도 안 나고 크리스마스 분위기도 안 나고 꿀꿀한 요즘 우리 모두 코로나 잘 이겨내고 건강 잘 챙기자고요 우리는 모두 건강하면 뭐든 해낼 수 있어
2,오늘의 저녁은 바로바로 소고기 시험 치느라 고생한 나에게 주는 선물 치마살이랑 살치살은 먹자마자 사르륵 녹더라고요 이래서 한우 한우 하나 봅니다 적고 있는 지금 도입에 침이 고이네요 쓰읍소 고기를 먹은 후 와플을 후식으로 먹었습니다 역시 여기 와플은 일품입니다 생크림과 사과잼의 조합이 최고였습니다
2,술이 달다
2,오빠가 수면조끼 저리 입혀놓음 하루 종일 먹은 결과키로 계속 먹는다 오빠는 이제 그만 먹이라고 먹던걸 뺏었더니 울고불고
2,산지 직송으로 그냥 먹고 쪄 먹고 뿌려 먹고 찍어 먹는 싱싱한 석과 입에서 고소함이 휘몰아치는 미친 우니 주변에 음식 잘하는 사람 있으면 삶의 질이 이조 오억만 배는 늘어나는 듯
2,시나몬롤 생각보다 괜찮은데 간단하고 쉽고 에어프라이 만능 호떡믹스의 변신 애들은 호떡 나는 시나몬롤 맛은 다 똑같음
2,다이어트 포기
2,이거 진짜 진심 양 많은 거 알고 있지 도대체 이게 다 어디로 들어가는 건 지난 국물도 입만 먹었을 뿐인데 이상하네 참
2,믿고 따라 만 주시면 가능한 수익 수익 최소 배배 고수익 당일결제 합법적인 부업 상위 모집 없는 부업 직장 육아하면서도 연봉 문의는 프로필 하단
2,비빔밥 소고기뭇국 냠냠
2,집에서 쉬라고 해도 뭘 꼭 이렇게 만들어주고 맨날 하지 마라 쉬어라 하지만 기분은 좋습니다
2,김치치즈 탕수육
2,요고는 또 모양
2,지고 바 매운맛 밥
2,눈 퇴근 중 가서 오랜만에 뛰뛰 실컷 하구와 따 군데 예전보다 느려진 건 기분 탓이게
2,날씨는 겨울이지만 기분은 가을이고 싶어서
2,불금의시작은햄버거지
2,안녕하세요돼지박물관을사랑해주시는여러분새로운년도를맞아기존에있던기존돼지박물관인스타그램계정을리뉴얼하여새롭게태어난돼지박물관계정을개설하였습니다앞으로의돼지박물관소식과이야기들은이계정으로업로드됩니다여러분들의많은사랑으로열심히임하는돼지박물관이되겠습니다관람객여러분감사드립니다꿀꿀돼지박물관직원일동
2,꿀꿀
2,잘 먹고 잘 자고 뒤룩뒤룩 살찌는 중구 루프의 맛에 빠짐 버스에서 이 정도는 애교지
2,오늘도믿고진행해주신모든분들감사드립니다돈은기회가있을때잡는거라생각합니다돈벌수있는기회를만들어드립니다문의는프로필하단으로주세요
2,나는 꿀돼지단으로써 손에 먹을 걸 항상 쥐고 있지 꿀꿀
2,둘이서 저렇게 시키고 돼지로 가는 길가 꿀꿀 겨울옷 지방으로 입는 중
2,크으또먹구싶네
2,한달만에보는원본순한맛과매운맛사이중고밈고밈
2,우리 아들 많이 자네 더 자도 자밤에도 얼른 통 잠자면 좋겠다
2,또
2,아웃백토마호크스테이크은지찬
2,사진 정리하다 발견한 연애시절 둘이 사진 찍은 지가 언젠지
2,목요일 일찍 퇴근하고 오랜만에 눈 화장까지 하고서 혜지랑 둘이
2,가려야 산다
2,살이 포동포동 쪄버려서 주변 사람들 만나기 싫은데 음식 앞에선 또다시 무너져 버리는 내 식욕 때 찌 때 찌
2,핑크돼지 꿀꿀
2,퇴근 후남편하고 한 잔 마셔요
2,때
2,여러 사람 꼬셔서 풋살 추워서 잘 안 뛰게 됩니다
2,다들 겨울잠 자려고 준비하니
2,팔도실비집과빅대디의조화랄까실비집짜글이도매운데빅대디떡볶이는진쨔진쨔매워근데맛있오결국모짜렐라치즈투하뚜껑가져오기귀찮아서짜글이팬으로덮어두는잔머리센스
2,목욜라이딩자기전에타고일어나서타고한탔나밖에서타는거보다훨지루하고힘듬즈위프트로타시는분들존경해야함오늘은그냥기분이영사진은어제먹은군고구마
2,기분 좋아지는 돼지 시리즈 작가님 모작
2,아르바이트하는데 정아 언니가 밥 챙겨줘따 에인절
2,이젠 셀카를 찍어도 어색하다 입술은 왜 맨날 내미는지 모르겠다 년이 이제 일도 안 남은 요즘 올해는 뭘 했나 싶을 정도로 바쁘고 빠르게 지나간 거 같아 기분이 묘하다 다시는 돌아오지 않을 년 내 청춘 그리고 또한 살을 먹는다 평생 진지하게 살았는데 이젠 더 진지한 나이가 되어가는 거 같아 이럴 거면 대에 덜 진지하게 살 걸 후회도 좀 된다 천방지축 대틀 보냈어도 좋았을 거 같다 다가오는 년을 준비하며 또 어떤 시간을 보내야 할지 년은 좀 더 나에게 투자하고 나를 더 사랑하는 한 해가 되길 바라며
2,매일 조금씩 늘어남
2,이거 오랜만에 먹는다
2,부자 되기 꿈이 아니다 직장 다니면서 틈난 시간 휴식시간 조금만 투자한다면 부업으로 주업보다 더 많은 돈을 벌 수 있어요 투자한 만큼 더더욱 돌아온다
2,아빠가 보고 싶은 세
2,아무것도 아무 생각도 하고 싶지 않아 일찍 잠을 청해보지만 잠이 오지 않는 밤 예고도 없이 갑작스레 찾아온 공허함과 우울감 괜찮다며 스스로를 다독여보지만 도저히 채워지지 않는 이 허전한 마음들
2,오늘도 눈으로만 운동했어 미친 거지 곧
2,저녁빱
2,일 끝나면 갈 때도 없어 배고파도 밥 먹을 때도 없어
2,짜증 나 짜증 나 짜증 나
2,어제 야식 먹었던 훈 제 치킨 저녁 먹은 거 올릴 거기 때문에 여기서 끝
2,점심에 먹은 햄버그스테이크 이것만 먹은 건 아니면 꿀꿀
2,오늘은 기분이 꿀꿀
2,두부가 너무 고소해
2,전복이 아주 실하구먼
2,마지막 날계란 프라이 하나 해서 밥에 얹고 계란 간장 휘리릭 둘러 비벼 먹으면 얼마나 맛있게 요
2,돼지
2,돼지불고기
2,대게와 킹크랩 게딱지 밥은 맛은 두말하면 입 아프고 그 와중에 좀 귀엽게 나온 사진
2,오늘의저녁은바로기네스머쉬룸와퍼세트시험기간야식쿠폰으로공짜로먹었답니다공짜좋아처음기네스와퍼가출시됐을때먹어봤는데솔직히좀별로여서기대를안했는데맛이뭔가다르게느껴지더라구요알고보니까기네스와퍼랑기네스머쉬룸와퍼이렇게두종류가있었네요방금알았습니다뭔가그냥기네스와퍼를먹었을때는아무래도베이컨이많이들어가다보니까짠맛이강하게느껴졌는데기네스머쉬룸와퍼는그짠맛을버섯이약간중화시켜주는맛이었습니다짜게먹는거좋아하시는분은기네스와퍼버섯좋아하시는분은기네스머쉬룸와퍼추천드립니다
2,후다닥 먹어야 해서 간단하게 먹었는데 골라보네다 밀가루라니 탄수화물은 정말 못 끊겠어
2,우리 뚱뚱이 우리 돼지 토실토실 와 랄랄라라
2,집에 가고 싶다
2,일하다가 스트레스받아서 참다 참다 꺼내 옴 웬만하면 군것질도 안 하려 했는데 도와주질 않네
2,대장은 시험이 싫어
2,믿고 따라 만 주시면 가능한 수익 수익 최소 배배 고수익 당일결제 합법적인 부업 상위 모집 없는 부업 직장 육아하면서도 연봉 문의는 프로필 하단
2,집에 와서 난 돼지가 되었다
2,남편 뒤만 졸졸 따라다니는 러브둥이
2,부들
2,맛 집 그것은 행복
2,중 저희 집에선 거의 년이 넘도록 사랑받고 있어요
2,난결국돼지가더되됟늬되아니다다시뺀다암생각도없고입맛이생긴요즘건강생각에챙겨먹엇더니건강생각적당히아침은취향인듯전안맞아여살이겁나찌는마법
2,아빠 출근 전 간식시간
2,먹는거는돼지런하게동영상찍는데자꾸말해서음소거영상추운날엔감자탕에라면사리버너에끓여먹으니최고애들도잘먹고뜨끈뜨끈베뤼굿잘챙겨먹고건강하게겨울보내자
2,스트레스받을땐엽떡이지
2,겨울이라집에서너무너무쳐묵쳐묵너무다맛잇엉
2,믿고 따라 만 주시면 가능한 수익 수익 최소 배배 고수익 당일결제 합법적인 부업 상위 모집 없는 부업 직장 육아하면서도 연봉 문의는 프로필 하단
2,꿀꿀하네
2,맛있게 구워주세요
2,돼지 이이이되어봅시다
2,퇴근후야식배달할라햇더니다닫음편의점꼬치랑와사비마요랑크래미버무린안주요즘모든게답답하고매우꿀꿀하다잉
2,날씨 추워지니 호떡 생각
2,어디 돌아다니지도 못하다 보니 숙소에서 맛있는 음식 잔뜩 해먹어서 금 토 일 돼지가 되었다 꿀꿀
2,맛난거더하기맛난거전복깻잎간장마늘양파볶볶들기름
2,나는 가끔 메롱을 한다
2,오늘의 저녁은 바로 교촌 반반 콤보 닭갈비 볶음밥 그리고 선배가 직접 만들어준 햄버그스테이크 일단 역시 교촌은 맛있다 초반에만 허니콤보의 달달함과 레드 콤보의 매콤함의 조합은 최고였다 하지만 닭갈비 볶음밥은 맛이 없었다 원이나 하던데 역시 치킨집에서는 치킨만 시켜 먹도록 하자 햄버그스테이크는 먼저 간 돼지고기에 소금 후추 마늘을 넣고 두들겨 팬다 그리고 당근 양파를 잘게 썰어서 볶아 준다 사진보다 더 잘게 썰어야 합니다 그리고 고기와 야채를 섞어주고 계란을 넣어 섞은 다음에 프라이팬에 구워 주면 끝의 외로 맛있었다 교촌은 먹을 때마다 느끼는 거지만 항상 먹다가 물리는 것 같다 그래도 맛은 있다
2,헬스장 못 가니까 살이 뒤룩뒤룩 다시 행복한 돼지로
2,질주
2,여자친구님이 차려준 밥상 잘 먹겠습니다
2,아또벌명은무엇일까요밉쥐돼쥐크레이쥐멍또힌트는사진속에있음
2,꺄핫도시락레터링케이크초코시트케익크림치츠
2,전에 안 와본 조용한 제주들로만 돌아다니기
2,아빠
2,또 살찌겠네 배 터지겠어진 순이는 거는 다진 맵
2,바야흐로기말고사기간예년에는번개형식으로가까운식당에같이갔었는데창궐하는코로나가이를허락하지않는다시험기간중패스트푸드에질려있을까봐굳이한식을골랐는데인분의대량주문이라배달앱이불안하여전화주문으로사장님말씀이배달수수료가엄청나니웬만하면직접주문해달라고주말엔출근하는직원이없어배급이엉망마땅한식사장소마련도미숙미안하다얘들아근데따뜻한밥에맛은그런데로괜춘하지않았냐강요체맞음코로나라인분씩포장해달랬더니시간반넘게드렸으나결국분늦었는데원래계획대로학년까지시켰다면망했어요될뻔좋은판단이었다고학년들은다음기회에전투에는져도보급에서실패해선안되지누구들으라고하는소린아님
2,태어나 처음 끓여 본청 국장 조금 싱거웠지만 짱 맛있어 울 자기가 맛있다 했으면 말 다 한 거지 뭐 식당 해도 되겠어
2,여보 먹을 준비됐나
2,사진에다 안 담겨서 몇 번을 찍었는지 모르게 때 배불렀는데 저거 다 먹고 또 시킨 건 안 비밀
2,연말 아닌 연말 같은 연말 기분
2,경아가미리주문한맛집에서공수해온회코스트코연어샐러드문지가직접만든바질페스토에카프레제샐러드이번홈파티성공적
2,맛이 떠
2,신 자매 나이트 세 자매 크로스
2,굴보쌈
2,저번 돈가스는 겉과 속이 분리되어 튀김옷 따로 고기 전 따로 먹었었는데 요번 돈가스는
2,철퍼덕
2,자동차는뒤로타기혼자서타고내리고잘하는애반복적인엄마만부르는얘가끔지겹다배추의맛을알고잡고드시다목에걸려다토함전화는이렇게받는거여꽁알꽁알빨간추리닝스윽이쁘게찍으려해도움직이는여인네라그래도넌단색이이뿐거같다어떤색이든어울어울
2,지난밤 먹은 것들
2,동네 할아버지 밭에 가서 돼지밥 주기
2,아우 진짜 잘 챙겨 먹는다 왜 집에만 있는데도 끼니때가 되면 배가 고픈 거죠 칼국수에 죽까지 야무지게 먹을 예정입니다
2,닭갈비먹규언니집가서치맥치소하기근데닭갈비에서냄새나서다남겨버룟당
2,다 같이한 잔 합세
2,저녁을 먹고 떡도 먹었고 이제 씻고 자려는데 동생이 치킨 시켜서 또 먹었다 원 없이 먹은 불금이 분 남았다아
2,불금엔역시야식이지오늘은갑자기피자가땡겨서청년피자의매드쉬림프를시켰습니다구성은매드쉬림프인원과원이상시켜야쿠폰사용이가능했기때문에청년특제갈릭소스원추가를하였습니다그리고리뷰이벤트로이것저것주는데저는치즈볼개를선택했습니다우선저는새우를좋아하기때문에보자마자너무기분이좋았습니다한조각당작은새우한마리큰새우한마리해서총두마리씩들어가있는겁니다두둥그래서한입먹을때마다새우의부드러운속살이제입안을가득채웠습니다그리고청양마요소스가있는데거기에찍어먹으면그렇게맵지도않고달지도않는암튼맛있습니다저는갈릭보다는청양마요가더맛있었어요그리고리뷰로이벤트로받은치즈볼솔직히엄청기대하면서박스를열었는데작은알맹이개가들어있길래잘못온줄알았습니다어쩐지리뷰로개나주나했어그래도맛은먹을만했습니다그리고청년피자모델임영웅카드도주더군요필요없읍읍새우를좋아하시는분이라면꼭추천해드리고싶습니다맛있어요
2,예쁜거만들어준다고맥주마시자고꼬시는전남친너땜에내뱃살안빠진다구컵도골라서꺼내시고예쁘긴하다고마워잘마실께요렉슨컵어찌나쓰고싶던지마른안주담아봄쥐포한개오징어조금남고거의마지막마른안주오늘배송온명란도굽굽꿀꿀꿀꿀근데나거기명란먹고싶어너랑먹는그명란밖명란
2,오늘의 저녁 오늘은 섭 웨이를 먹었어요 저의 최애 메뉴 슈림프에 하티 빵에 그 마요 추가에 채소는 올리브와 토마토는 빼고 토마토 알레르기 있어요 소스는 렌치와 스위트 칠리 진짜 제 인생 꿀도 함대 존 만 탱입니다 진짜 모든 사람들이 알았으면 하는 맛 도리라 열심히 상세히 적어보았어요 진짜 너무 맛나서 또 다른 맛 집은 블로그에도 업데이트할 거에 용이제 막 시작한 블로그 아가니까 많이들 구경 와주세요 내 돈 내산 찐 후기입니다
2,오늘 저녁은 갑자기 카레가 당겨서 백종원 레시피로 만든 우유 카레입니다 마 밤 일반 카레와 달리 채소를 잘게 썰어 줘야 하는데요 손 베일까 봐 겁나서 하루 종일 썰었습니다 일반 카레와 다른 점은 부드러운 느낌이라고 해야 하나 우유가 들어가니까 우유의 풍미로 인해서 카레맛이 좀 더 부드러운 것 같아요 역시 백종원 레시피에 맞게 맛있습니다
2,돼지는 안 다음
2,땀
2,목간신히의무시간채웠다이번주목표는반휴안쓰는거제발지킬수있기를그나저나울캠스새공에명이나와우머선일이져
2,비주얼 폭발
2,목 아침 검은콩 두유 스트링치즈 개 점심 순대 내 장국 계란 프라이 개밥 밑반찬 점심 간식 카페라테 저녁 면 두부 파스타면 두부 새우개 느타리버섯 모차렐라치즈라면 스프레드 페퍼
2,간만에갈매기살먹고싶어서모듬으로조져줬쥬가로막이살맛있더라별미야별미여러분들오가끔드셔유
2,어제 점심은 오랜만에 햄버거 롯데리아 착한 세트 양이 안착함 치즈스틱 추가
2,욕심쟁이지안이손에있는거나먹고집어머겅
2,흐흐 익어가는 중
2,학교 안 간 아이랑 집에서 만들어 먹는
2,오늘오빠건강검진받는날이라아침에나혼자약올리면서배터지게먹고오빤하루종일쫄쫄굶었는데병원따라갔더니인천시사는선착순으로검진무료로받을수있다그래서졸지에나도검진받고인생최대몸무게확인하고모래내시장가서칼국수인분고쌈비냉고기튀김만두굴림만두부시고옴둘이서인분클리어돼지덜
2,양배추를 고기처럼
2,오느른대챵살겁나많이쪘당
2,아침 산책 강동의 해안길 와이프와 함께 걷기 날씨가 조금 흐리다 비 올 것 같으면서도 비는 안 오고 꾸리꾸리 하필 내가 쉬고 있는데 날씨가 이런 거야 그래도 공기 좋고 풍경 좋고 조용하고 여유롭다
2,곱 킬 곱창 킬러
2,월 일 날씨도 꿀꿀해서 오랜만에 요리 새우볶음밥 맛있게 잘 먹겠습니다
2,이제 그만 찌기로 해
2,드디어 먹어본
2,수반휴내일도반휴일것같은너낌조태정샘당첨된책왔다
2,오늘도 햄 볶고 고 있어도 보고 싶은 사람 매력덩어리야 아주 살이 찌는구나 아 오늘도
2,시작은 아기돼지 삼 형제였으나
2,꿀꿀 꿀꿀
2,황필라씨랑데이뚜모자이뿌게잘쓰겠사와요행버칸택배폭격중
2,인생처음으로진짜약속없이집콕하는요즘오랜만에기마토랑인생돼지고기집리스트추가하고왔다대한민국명인이오너쉐프인고깃집이자치악산금돈을연탄에맛볼수있는곳거기에말도안되게착한가격까지기록하고싶은저녁
2,오늘의저녁은마라탕역시마라탕은기대를져버리지않는군요재료는소고기숙주청경채배추팽이버섯목이버섯분모자넓적당면옥수수면소시지스모크햄을넣어서원의가격으로먹었습니다제가맵찔이라서맛은단계순한맛으로했어요여러분도마라탕한그릇어떠신가요
2,요즘 사건이 물밀듯 들어오고 있어 몸보신을 했습니다 담백하고 고소한 소고기에 고추냉이를 올려 먹으니 궁합이 알맞아 맛있게 먹었습니다 다음에 또 오고 싶은 가게네요
2,구요 운 돼지 남매
2,이거 먹고 나물도 먹고
2,난 슬플 땐 힙합을 춰꿀꿀할 땐 힙합 춤춰야지 어제도 꿀꿀 오늘은 더 꿀꿀 오후엔 기분 조아져라
2,쿠키 쿠키 쿠키 동생 이사 온
2,보들보들롤케익너무맛있쩡칼로리
2,크리스마스 분위기인데
2,너무 배고픈 나머지 저녁을 사진을 못 찍어서 저녁 대신 후식으로 먹었던 거북 칩 리뷰를 해볼까 합니다 그렇게 맛있다고 했던 거북 집 저도 한번 먹어봤습니다 처음 먹을 때든 생각은 초코 별과 자랑 맛이 비슷하다고 느꼈습니다 아마초 콩 맛이 강해서 그렇게 느꼈던 것 같아요 계속 먹다 보니까 진짜 흔히 파는 추로스에 초코 가루를 뿌린 맛이 났고 처음에는 맛있게 먹었습니다 하지만 너무 달다 보니까 좀 물리더라고 요한 번에 다 드시는 분은 리스펙트 합니다 저는 먹다가 자다 일어나서 마저 먹었네요 아무튼 맛은 맛있었지만 막 예전 허니버터칩만큼의 그런 맛은 아니었던 것 같아요 제기 대가 너무 컸을지도 모르겠네요 그래도 단 거 좋아하시는 분들은 좋아할 것 같아요 꼭 한번 드셔보기를 권합니다 결론 저는 맛있었습니다
2,츄류륩
2,수박 바에 장
2,다이어트해야겠다 이러다가 굴러다니겠다 정신 차리자 허허
2,행복한 아기돼지이나 은
2,매일이먹스타그램
2,수상작가 특별전
2,들린다
2,이 돈가스집 오면 이거만 먹는다
2,성공적인 잡채 쓰
2,월어제또밤꼴딱나는밤피장인가봐넷플릭스끊던지해야지집공하면서먹은막창힛존맛나는곱창막창넘좋음내가살찌는이유시에집에갔는데왜케매운거땡기는지편의점개돌음저거찾는다고논현동포차글구독서실갈때함께가는귤과바나나
2,따끈하고맛있는제육볶음덮밥엑설런트아이스크림먹기어제집으로돌아오는길에내가한가득사들고온아이스크림보따리에요녀석이섞여있더라구날씨도추운데무슨생각으로만냥너치나아이스크림을사들고온걸까달달한게캄다운하기에최고긴하짘들기름을향만나도록호로록둘러주고채썬상추랑김가루를얹어서조금씩비벼가면서먹어주니까배가불러서으윽거리면서도너무맛나서커다란접시한그릇을뚝딱비우게되더라곁들임음식으로먹은단무지덕분에질리지않고더잘먹을수있었던것같아엑설런트는커다란상자에담긴걸갖고왔는데노랑이는유지방이많은만큼맛이풍부하지만후식으로먹기엔조금느끼하더라디저트로먹긴파랑이가더좋더라
2,이거즤집에서혼술
2,둥이 보러 잠깐 오신다는데 굳이 바쁘니 식사는 못하신다는 작은아빠가 시는 길에 드시라고 준비한 김밥
2,김치만두 빚기 동그랑땡 만들려고 간 고기 한 근 사다 놓았다가 메뉴 변경 개 만들어 신랑 꺼남기고 애들이랑 먹고 개 냉동실에 넣음 신년에 떡만둣국 끓여야겠다
2,점심을 그렇게 배 터지게 먹어놓고 저녁에 불고기하고 있다
2,패딩에 좌절해도 먹을 땐 행복
2,었다 이런 일이 나한테 벌어지다니
2,세상 달달한
2,미리 예약해뒀지
2,최애 음식 중 하나
2,꿀돼지들의 브런치
2,백돼지의 습격
2,이번주말도댕식당열일집콕이니맛난거나먹자엄마가김장김치랑오그락지무말랭이보내줘서토요일저녁은수육으로당첨사과랑양파깔고무수분수육으로해봤는데쉽고맛도좋구먼보쌈에굴까지완벽했다이틀연속아점은홈브런치로브런치카페부럽지않다며저녁은옥주부돈가스로마무리
2,둘째형부와낮술화곡동오리불고기맛집핵맛탱오늘형부눈썹반영구도해드리고언니일끝나구와서파스타먹궁수다도겁나떨었재밌었다오늘은치팅데이니까괜차나소화자기전엔되겠지언니커피맛있게먹을게잉고마우
2,오늘도 열심히 사랑 중재 방문한 뚱보 아저씨 너무 맛있어 오빠랑 먹어서 더 맛있었어요 남은 음식은 포장해서 내일 먹어야지 냠냠
2,녹초가되어집에돌아오니뙇하구족발보쌈이요즘자꾸집앞에서프라이즈선물보내놓는백스윗
2,친정 김장김치 들고 왔으니
2,일요일
2,이 어마어마한 양을 보시오
2,차전 하루 종일 집에서 돼먹은 덤
